driver_id,vehicle_type,join_date,rating
D00001,bike,2025-10-26,4.98
D00002,car,2024-04-02,4.61
D00003,car,2026-02-13,4.47
D00004,car,2025-10-02,4.82
D00005,car,2025-06-22,4.72
D00006,bike,2023-07-20,4.98
D00007,bike,2025-10-01,4.64
D00008,bike,2024-12-31,4.58
D00009,car,2025-11-17,4.49
D00010,bike,2026-01-06,4.46
D00011,bike,2025-07-25,4.88
D00012,car,2024-09-24,4.92
D00013,bike,2025-01-25,4.56
D00014,bike,2026-04-14,4.86
D00015,bike,2023-08-27,4.38
D00016,car,2025-10-02,4.86
D00017,bike,2025-12-10,4.69
D00018,car,2025-09-08,4.91
D00019,bike,2023-02-21,4.4
D00020,car,2025-12-07,4.54
D00021,car,2023-07-30,4.66
D00022,bike,2024-04-13,4.49
D00023,car,2023-09-07,4.55
D00024,bike,2026-01-22,4.54
D00025,bike,2025-04-03,4.62
D00026,car,2025-10-24,4.55
D00027,bike,2025-04-03,4.55
D00028,bike,2023-03-09,4.77
D00029,bike,2025-07-27,4.85
D00030,bike,2024-02-14,4.27
D00031,bike,2025-09-21,4.37
D00032,bike,2025-06-08,4.77
D00033,bike,2023-03-10,4.79
D00034,car,2023-07-21,4.55
D00035,bike,2025-11-21,4.67
D00036,bike,2025-05-21,5.0
D00037,car,2025-09-08,4.97
D00038,car,2025-01-28,4.59
D00039,bike,2025-04-22,4.97
D00040,bike,2025-07-13,5.0
D00041,bike,2023-06-20,4.6
D00042,bike,2023-04-02,4.62
D00043,car,2024-07-03,4.56
D00044,bike,2024-10-03,4.45
D00045,bike,2026-03-22,4.76
D00046,bike,2023-10-04,4.21
D00047,bike,2025-08-26,4.27
D00048,car,2025-10-30,4.44
D00049,bike,2025-05-05,4.47
D00050,car,2026-04-15,4.29
D00051,bike,2025-04-23,4.61
D00052,car,2025-02-09,4.77
D00053,bike,2023-08-06,4.64
D00054,car,2024-12-24,4.75
D00055,car,2023-02-22,4.92
D00056,bike,2025-07-10,4.74
D00057,bike,2023-09-06,4.48
D00058,bike,2023-12-16,4.7
D00059,bike,2025-11-30,4.77
D00060,bike,2024-04-22,4.97
D00061,bike,2023-05-23,4.65
D00062,bike,2023-12-22,4.68
D00063,bike,2026-01-20,4.76
D00064,car,2024-01-22,4.67
D00065,bike,2023-02-11,4.87
D00066,car,2025-11-24,4.88
D00067,car,2023-10-10,4.91
D00068,bike,2025-05-21,5.0
D00069,bike,2023-06-11,4.6
D00070,bike,2025-08-08,4.79
D00071,bike,2025-05-01,4.67
D00072,bike,2025-06-29,4.82
D00073,bike,2025-12-10,4.81
D00074,car,2024-04-18,4.35
D00075,bike,2023-07-10,4.91
D00076,bike,2024-01-09,4.5
D00077,car,2024-12-21,4.81
D00078,bike,2026-01-07,4.55
D00079,bike,2024-07-28,4.46
D00080,bike,2024-08-26,4.61
D00081,bike,2026-02-12,4.93
D00082,bike,2025-06-12,4.96
D00083,bike,2023-05-04,4.72
D00084,bike,2023-08-06,4.38
D00085,bike,2024-07-20,4.64
D00086,car,2023-11-27,4.66
D00087,bike,2023-05-09,5.0
D00088,car,2024-06-10,4.73
D00089,bike,2023-02-01,4.84
D00090,bike,2023-07-12,4.75
D00091,bike,2026-03-26,5.0
D00092,bike,2025-07-22,4.67
D00093,bike,2023-03-19,4.86
D00094,bike,2025-08-05,4.62
D00095,bike,2023-09-02,4.55
D00096,bike,2024-05-30,4.33
D00097,bike,2024-12-30,5.0
D00098,car,2024-07-30,4.81
D00099,bike,2024-08-16,4.65
D00100,car,2024-08-31,4.36
D00101,car,2024-10-15,4.67
D00102,car,2024-02-09,4.68
D00103,bike,2023-08-19,4.75
D00104,bike,2025-12-06,4.79
D00105,bike,2024-09-10,4.96
D00106,bike,2025-02-25,4.75
D00107,bike,2025-05-12,4.52
D00108,bike,2023-02-28,4.41
D00109,bike,2026-01-13,4.62
D00110,bike,2023-10-30,4.52
D00111,bike,2023-02-03,4.66
D00112,bike,2024-10-06,4.93
D00113,bike,2023-07-03,4.84
D00114,bike,2025-11-18,4.49
D00115,car,2024-11-28,4.48
D00116,bike,2023-01-24,4.45
D00117,bike,2024-05-12,4.18
D00118,bike,2023-11-05,4.8
D00119,car,2025-03-28,4.65
D00120,car,2026-02-24,4.52
D00121,car,2024-12-04,4.82
D00122,bike,2025-07-26,4.55
D00123,bike,2025-08-28,4.94
D00124,bike,2023-11-21,4.52
D00125,bike,2023-11-11,4.68
D00126,bike,2025-12-07,4.7
D00127,car,2023-03-18,4.65
D00128,bike,2024-06-26,4.64
D00129,bike,2023-07-26,4.74
D00130,bike,2026-04-07,4.7
D00131,bike,2023-04-02,4.89
D00132,car,2025-11-23,4.65
D00133,car,2023-11-20,4.79
D00134,bike,2025-03-08,4.68
D00135,bike,2024-06-19,4.58
D00136,bike,2024-01-24,5.0
D00137,bike,2024-08-22,4.65
D00138,bike,2025-03-06,4.86
D00139,bike,2023-01-20,4.87
D00140,car,2024-12-29,4.46
D00141,car,2026-01-05,4.81
D00142,bike,2026-01-09,4.91
D00143,bike,2023-02-28,4.88
D00144,car,2023-01-05,4.54
D00145,car,2023-05-11,4.61
D00146,bike,2024-05-23,4.8
D00147,bike,2024-10-30,4.29
D00148,car,2025-02-19,4.74
D00149,bike,2024-09-09,4.59
D00150,car,2023-09-05,4.55
D00151,bike,2024-05-20,4.84
D00152,bike,2026-04-13,4.43
D00153,bike,2023-05-22,4.72
D00154,bike,2024-10-01,4.62
D00155,bike,2024-04-07,4.8
D00156,bike,2024-10-22,4.89
D00157,car,2025-10-07,4.6
D00158,car,2024-03-26,4.77
D00159,car,2024-12-14,4.71
D00160,car,2025-02-20,4.51
D00161,bike,2025-06-23,4.69
D00162,bike,2024-07-02,4.41
D00163,bike,2023-08-30,4.54
D00164,bike,2023-10-25,5.0
D00165,bike,2024-07-03,4.75
D00166,bike,2023-09-10,5.0
D00167,bike,2026-03-22,4.5
D00168,bike,2024-11-05,4.75
D00169,bike,2024-11-20,4.98
D00170,bike,2026-01-24,4.89
D00171,bike,2025-05-19,4.59
D00172,car,2023-12-21,4.84
D00173,bike,2026-02-18,4.67
D00174,bike,2025-04-29,4.6
D00175,car,2025-09-01,4.84
D00176,bike,2024-03-26,4.52
D00177,bike,2024-07-04,4.54
D00178,car,2025-11-20,5.0
D00179,bike,2025-01-26,4.97
D00180,bike,2023-01-24,4.85
D00181,car,2023-11-16,4.63
D00182,bike,2023-12-16,4.82
D00183,car,2023-06-22,4.41
D00184,bike,2026-02-19,4.57
D00185,bike,2023-02-27,4.67
D00186,bike,2025-11-17,4.91
D00187,car,2025-08-22,4.6
D00188,bike,2025-09-09,4.55
D00189,bike,2024-10-31,4.73
D00190,bike,2023-02-14,4.65
D00191,bike,2025-01-19,4.69
D00192,bike,2024-07-14,5.0
D00193,bike,2025-03-30,4.61
D00194,car,2023-05-13,4.95
D00195,car,2025-11-08,4.56
D00196,bike,2025-09-15,4.39
D00197,bike,2025-11-09,4.97
D00198,bike,2024-11-26,4.66
D00199,bike,2023-06-09,5.0
D00200,bike,2024-06-11,4.67
D00201,car,2025-12-17,4.51
D00202,bike,2024-03-15,4.67
D00203,bike,2024-05-08,4.76
D00204,bike,2025-11-18,4.93
D00205,bike,2024-07-08,4.75
D00206,bike,2024-10-29,4.39
D00207,bike,2025-03-13,4.38
D00208,bike,2026-02-03,4.63
D00209,car,2023-11-10,4.69
D00210,car,2026-03-19,4.59
D00211,bike,2023-03-12,4.67
D00212,car,2023-10-13,4.87
D00213,bike,2026-01-11,4.66
D00214,bike,2023-04-20,4.6
D00215,car,2023-11-12,4.46
D00216,car,2023-03-01,4.84
D00217,bike,2025-11-19,4.54
D00218,bike,2025-04-13,4.89
D00219,bike,2024-10-26,4.85
D00220,bike,2023-04-30,4.89
D00221,bike,2026-04-15,4.87
D00222,car,2024-11-04,4.44
D00223,car,2023-12-02,4.3
D00224,bike,2025-06-06,4.69
D00225,bike,2023-12-16,4.72
D00226,bike,2025-02-01,4.99
D00227,bike,2025-05-14,4.66
D00228,bike,2024-03-04,4.48
D00229,car,2025-06-21,4.93
D00230,bike,2024-03-08,4.6
D00231,car,2023-08-26,4.71
D00232,bike,2023-11-20,4.51
D00233,bike,2024-02-21,4.62
D00234,car,2025-05-26,4.6
D00235,bike,2023-10-24,4.44
D00236,car,2024-08-11,4.34
D00237,car,2025-03-26,4.94
D00238,car,2024-12-26,4.71
D00239,bike,2023-10-10,4.79
D00240,bike,2025-01-05,4.77
D00241,bike,2023-04-09,4.97
D00242,bike,2024-06-05,4.57
D00243,car,2023-06-11,4.52
D00244,car,2025-12-12,4.74
D00245,car,2023-07-21,4.77
D00246,bike,2023-03-27,4.55
D00247,bike,2025-07-15,4.52
D00248,bike,2026-03-23,4.62
D00249,car,2025-09-07,4.59
D00250,bike,2023-02-24,4.67
D00251,bike,2023-07-08,4.9
D00252,bike,2023-04-05,5.0
D00253,car,2023-05-26,4.7
D00254,car,2024-11-16,4.46
D00255,car,2024-09-20,4.84
D00256,car,2025-08-17,4.66
D00257,bike,2025-03-30,4.73
D00258,bike,2023-03-26,5.0
D00259,bike,2024-01-13,4.38
D00260,bike,2025-02-20,4.83
D00261,bike,2023-02-03,4.56
D00262,car,2025-12-20,4.7
D00263,bike,2023-10-15,4.59
D00264,bike,2025-06-03,5.0
D00265,car,2026-04-03,4.97
D00266,bike,2025-12-22,4.74
D00267,bike,2025-01-24,4.79
D00268,bike,2025-07-25,4.45
D00269,bike,2023-08-16,4.82
D00270,bike,2023-01-12,4.36
D00271,bike,2023-04-15,4.67
D00272,bike,2025-02-05,5.0
D00273,bike,2023-12-10,4.75
D00274,car,2026-02-25,4.68
D00275,bike,2025-07-05,4.65
D00276,car,2025-08-14,4.68
D00277,car,2025-11-21,4.66
D00278,car,2024-01-25,4.66
D00279,bike,2025-09-13,4.78
D00280,bike,2024-07-25,4.73
D00281,bike,2024-08-10,4.66
D00282,car,2023-05-27,4.66
D00283,car,2026-01-24,4.84
D00284,bike,2024-05-02,4.95
D00285,bike,2023-04-20,4.56
D00286,bike,2023-06-29,4.66
D00287,bike,2023-01-31,4.48
D00288,bike,2024-01-01,4.83
D00289,bike,2023-12-04,4.48
D00290,bike,2024-07-25,4.61
D00291,car,2023-12-12,4.66
D00292,bike,2023-09-24,4.71
D00293,car,2026-03-06,4.93
D00294,car,2025-08-29,4.44
D00295,car,2023-11-02,4.63
D00296,bike,2023-08-25,4.54
D00297,bike,2025-02-16,4.96
D00298,bike,2026-03-06,4.87
D00299,bike,2024-12-30,4.96
D00300,bike,2024-05-31,4.85
D00301,bike,2025-02-11,5.0
D00302,bike,2026-03-26,4.37
D00303,bike,2026-03-06,4.84
D00304,bike,2023-02-28,5.0
D00305,bike,2023-12-26,4.64
D00306,bike,2025-08-23,4.44
D00307,car,2023-11-22,4.52
D00308,bike,2023-08-20,4.55
D00309,bike,2023-01-09,4.57
D00310,bike,2024-05-31,4.59
D00311,bike,2024-08-28,4.89
D00312,bike,2025-06-28,4.64
D00313,bike,2023-07-17,4.73
D00314,car,2025-02-27,4.88
D00315,car,2025-06-17,4.74
D00316,car,2024-05-28,4.38
D00317,bike,2025-04-20,4.31
D00318,car,2023-07-28,4.78
D00319,bike,2023-03-04,4.87
D00320,bike,2025-04-06,5.0
D00321,bike,2024-10-28,4.75
D00322,bike,2024-11-17,4.78
D00323,bike,2025-03-19,4.77
D00324,car,2026-01-07,4.94
D00325,car,2024-06-23,4.44
D00326,bike,2025-11-07,5.0
D00327,bike,2024-02-05,4.58
D00328,bike,2023-09-14,5.0
D00329,bike,2025-02-07,4.5
D00330,bike,2023-03-16,4.47
D00331,car,2025-11-18,4.61
D00332,bike,2025-12-31,4.84
D00333,car,2025-11-12,4.63
D00334,car,2025-11-02,4.99
D00335,bike,2024-12-19,4.7
D00336,bike,2025-12-12,4.46
D00337,bike,2025-01-15,4.92
D00338,bike,2025-02-12,4.42
D00339,bike,2023-03-01,4.81
D00340,bike,2025-03-17,4.79
D00341,bike,2023-11-19,4.58
D00342,bike,2023-06-23,4.75
D00343,car,2023-08-28,4.72
D00344,bike,2025-11-22,4.8
D00345,car,2023-07-21,4.55
D00346,car,2023-07-18,4.79
D00347,car,2024-11-30,4.58
D00348,bike,2023-08-05,4.51
D00349,car,2024-01-26,4.88
D00350,bike,2024-01-06,4.52
D00351,bike,2024-12-10,4.72
D00352,car,2023-07-23,4.92
D00353,car,2026-02-01,4.76
D00354,car,2023-07-06,4.5
D00355,bike,2025-08-07,4.15
D00356,bike,2023-05-06,4.99
D00357,bike,2024-12-20,4.69
D00358,bike,2025-05-26,4.0
D00359,bike,2024-06-07,4.64
D00360,bike,2024-12-17,4.46
D00361,car,2023-01-23,4.87
D00362,car,2024-06-12,4.49
D00363,car,2025-06-09,4.77
D00364,bike,2023-06-05,4.4
D00365,bike,2023-06-19,4.46
D00366,bike,2026-03-30,4.57
D00367,bike,2025-12-08,4.79
D00368,bike,2024-05-30,4.89
D00369,bike,2024-08-17,4.37
D00370,bike,2025-06-23,4.9
D00371,bike,2025-11-25,4.64
D00372,bike,2024-05-20,4.85
D00373,bike,2024-02-10,4.55
D00374,bike,2023-09-09,4.59
D00375,bike,2025-04-11,4.53
D00376,bike,2023-08-07,4.48
D00377,car,2025-05-31,4.71
D00378,bike,2025-02-11,4.48
D00379,bike,2024-12-30,4.56
D00380,bike,2025-09-09,4.82
D00381,bike,2025-04-26,4.43
D00382,car,2024-08-25,4.76
D00383,bike,2026-01-20,4.73
D00384,bike,2024-06-19,4.6
D00385,bike,2024-06-11,4.84
D00386,bike,2023-12-28,4.7
D00387,bike,2025-01-21,5.0
D00388,bike,2023-07-31,4.5
D00389,bike,2026-01-03,4.42
D00390,bike,2023-08-10,4.67
D00391,car,2024-04-14,5.0
D00392,car,2023-05-28,5.0
D00393,car,2025-03-05,4.91
D00394,car,2023-02-19,4.75
D00395,car,2024-08-10,4.54
D00396,bike,2025-06-22,4.8
D00397,bike,2023-04-15,4.6
D00398,bike,2026-01-03,4.76
D00399,bike,2025-03-24,4.68
D00400,car,2025-04-24,4.63
D00401,car,2025-06-22,4.63
D00402,bike,2023-07-13,4.62
D00403,car,2025-05-30,4.88
D00404,bike,2023-11-05,5.0
D00405,bike,2023-11-23,4.72
D00406,bike,2023-07-31,4.4
D00407,bike,2025-03-01,4.88
D00408,bike,2023-01-21,4.79
D00409,bike,2023-07-09,4.68
D00410,bike,2023-07-10,4.84
D00411,bike,2026-02-25,4.89
D00412,bike,2025-08-08,4.86
D00413,bike,2023-10-09,4.76
D00414,bike,2023-09-03,4.82
D00415,bike,2025-08-22,4.62
D00416,bike,2025-01-06,4.8
D00417,bike,2023-10-05,4.58
D00418,car,2025-12-30,4.58
D00419,bike,2026-02-11,4.44
D00420,car,2025-08-28,5.0
D00421,bike,2023-03-11,4.8
D00422,bike,2023-07-31,4.64
D00423,bike,2023-09-11,4.68
D00424,bike,2025-09-07,5.0
D00425,bike,2024-09-03,5.0
D00426,car,2023-04-07,5.0
D00427,car,2024-08-19,4.7
D00428,bike,2024-02-19,4.61
D00429,car,2023-01-24,4.87
D00430,bike,2024-10-14,4.73
D00431,bike,2025-10-18,5.0
D00432,bike,2026-01-12,4.65
D00433,car,2024-03-24,5.0
D00434,bike,2025-10-05,4.8
D00435,car,2025-09-27,4.67
D00436,bike,2025-01-13,4.63
D00437,bike,2024-06-04,4.47
D00438,car,2026-01-05,4.62
D00439,car,2023-06-15,4.43
D00440,car,2025-06-06,4.38
D00441,bike,2023-04-18,4.66
D00442,bike,2025-08-26,4.66
D00443,bike,2024-12-29,4.85
D00444,bike,2024-04-06,4.66
D00445,bike,2024-07-23,4.92
D00446,bike,2023-09-06,4.68
D00447,bike,2025-12-16,4.58
D00448,car,2023-09-28,4.72
D00449,car,2024-09-09,4.84
D00450,bike,2025-06-12,5.0
D00451,bike,2024-02-16,4.86
D00452,bike,2024-03-16,4.8
D00453,bike,2026-03-19,4.76
D00454,bike,2024-10-11,4.2
D00455,car,2024-05-04,4.66
D00456,car,2024-11-08,4.34
D00457,bike,2024-02-03,4.69
D00458,bike,2024-03-27,4.57
D00459,car,2024-04-06,4.95
D00460,bike,2025-07-20,4.58
D00461,bike,2024-07-15,4.89
D00462,car,2023-07-07,4.45
D00463,bike,2024-07-19,4.87
D00464,bike,2023-05-18,4.4
D00465,car,2025-12-11,4.37
D00466,bike,2023-09-03,4.68
D00467,bike,2024-07-27,4.75
D00468,car,2024-05-21,4.75
D00469,car,2026-03-27,5.0
D00470,bike,2024-07-07,4.45
D00471,bike,2024-08-03,4.92
D00472,bike,2025-09-12,4.56
D00473,bike,2025-11-26,4.7
D00474,bike,2026-01-30,4.05
D00475,bike,2024-06-29,4.6
D00476,car,2025-01-28,4.78
D00477,bike,2026-02-18,4.58
D00478,bike,2023-04-23,4.4
D00479,car,2023-03-29,4.5
D00480,bike,2025-09-29,4.5
D00481,bike,2023-02-06,4.62
D00482,car,2024-02-12,4.65
D00483,car,2023-11-16,4.17
D00484,bike,2025-07-16,4.72
D00485,bike,2023-03-16,4.48
D00486,bike,2025-12-19,5.0
D00487,bike,2023-07-17,5.0
D00488,bike,2023-06-08,4.38
D00489,car,2024-09-17,4.55
D00490,bike,2024-01-16,4.81
D00491,bike,2025-11-13,4.7
D00492,car,2023-01-12,4.76
D00493,bike,2023-01-08,4.86
D00494,bike,2025-06-26,4.65
D00495,car,2025-06-01,4.52
D00496,bike,2024-05-16,4.71
D00497,car,2023-06-17,4.78
D00498,bike,2025-11-12,4.63
D00499,car,2023-11-03,4.77
D00500,bike,2023-02-11,4.31
D00501,car,2025-10-18,4.6
D00502,car,2023-12-14,4.63
D00503,bike,2025-11-07,5.0
D00504,bike,2025-10-03,4.87
D00505,bike,2023-09-21,5.0
D00506,bike,2025-05-09,4.68
D00507,bike,2026-02-16,4.78
D00508,bike,2023-08-06,4.62
D00509,car,2025-09-28,4.96
D00510,bike,2024-11-28,4.57
D00511,bike,2026-01-20,4.76
D00512,bike,2024-04-15,4.66
D00513,car,2023-07-17,4.54
D00514,car,2023-10-28,4.83
D00515,car,2024-10-10,4.58
D00516,bike,2023-07-06,4.64
D00517,bike,2023-09-01,4.14
D00518,bike,2023-11-26,4.86
D00519,bike,2024-04-04,4.83
D00520,bike,2023-11-07,4.39
D00521,bike,2023-12-15,4.13
D00522,car,2023-12-23,4.42
D00523,bike,2023-10-02,4.65
D00524,bike,2023-02-25,4.53
D00525,car,2023-10-06,4.5
D00526,car,2023-02-21,4.84
D00527,car,2025-01-17,4.77
D00528,car,2023-09-03,4.72
D00529,bike,2025-12-02,4.48
D00530,bike,2023-09-08,4.57
D00531,bike,2025-08-05,4.76
D00532,bike,2024-04-18,4.66
D00533,car,2023-10-21,4.63
D00534,bike,2025-06-14,4.8
D00535,car,2024-02-03,4.92
D00536,car,2023-10-15,4.68
D00537,car,2025-03-21,4.6
D00538,bike,2025-04-04,4.43
D00539,bike,2023-12-25,4.9
D00540,bike,2023-05-05,4.84
D00541,bike,2023-02-10,4.77
D00542,bike,2026-04-02,4.82
D00543,bike,2024-11-15,4.74
D00544,bike,2025-03-20,4.84
D00545,car,2024-10-18,4.83
D00546,car,2025-01-11,4.73
D00547,bike,2023-04-19,4.32
D00548,car,2023-05-26,4.86
D00549,car,2025-08-29,4.96
D00550,bike,2024-07-07,4.83
D00551,bike,2025-01-19,4.86
D00552,bike,2026-02-13,4.78
D00553,bike,2026-01-21,4.79
D00554,bike,2023-08-10,4.71
D00555,bike,2023-03-27,4.8
D00556,bike,2023-12-29,4.96
D00557,bike,2023-11-17,5.0
D00558,bike,2023-08-30,4.94
D00559,bike,2025-12-25,4.92
D00560,bike,2023-08-28,4.54
D00561,car,2024-03-08,4.64
D00562,car,2023-09-30,4.95
D00563,car,2025-11-08,4.47
D00564,car,2025-02-06,4.86
D00565,car,2023-08-22,4.79
D00566,bike,2024-03-18,4.64
D00567,car,2025-12-05,4.93
D00568,bike,2025-12-26,4.5
D00569,bike,2025-03-21,5.0
D00570,bike,2023-12-17,4.79
D00571,bike,2025-03-04,4.52
D00572,bike,2024-06-08,4.68
D00573,bike,2025-07-04,4.36
D00574,bike,2023-11-17,4.86
D00575,bike,2025-09-30,4.58
D00576,bike,2025-04-01,5.0
D00577,bike,2025-08-14,4.93
D00578,bike,2023-04-16,4.85
D00579,bike,2024-11-28,4.96
D00580,bike,2025-07-17,4.73
D00581,bike,2025-04-25,4.9
D00582,bike,2024-04-12,4.76
D00583,bike,2025-08-11,5.0
D00584,bike,2025-03-07,4.53
D00585,bike,2025-09-18,4.67
D00586,car,2025-04-01,4.71
D00587,bike,2024-08-09,4.48
D00588,car,2023-04-02,4.86
D00589,car,2025-07-30,4.78
D00590,bike,2023-09-19,4.86
D00591,car,2025-03-07,5.0
D00592,bike,2025-03-07,4.67
D00593,bike,2025-02-20,4.58
D00594,bike,2023-04-30,4.86
D00595,bike,2025-12-09,4.83
D00596,car,2026-03-18,4.96
D00597,bike,2024-01-06,4.97
D00598,car,2025-04-19,4.76
D00599,bike,2024-05-23,4.6
D00600,bike,2023-07-01,4.05
D00601,bike,2023-02-23,4.74
D00602,car,2025-04-14,4.46
D00603,bike,2023-03-02,4.81
D00604,bike,2023-01-26,4.91
D00605,car,2023-02-04,4.96
D00606,car,2023-10-24,4.6
D00607,car,2025-12-03,4.69
D00608,bike,2023-10-21,4.83
D00609,bike,2025-02-15,4.66
D00610,bike,2024-06-29,4.34
D00611,bike,2025-08-14,4.73
D00612,car,2025-02-27,4.54
D00613,bike,2023-12-06,4.63
D00614,bike,2025-06-19,4.63
D00615,bike,2023-11-21,4.78
D00616,bike,2024-03-18,4.74
D00617,car,2024-08-16,4.61
D00618,bike,2025-03-18,4.97
D00619,bike,2024-12-19,4.75
D00620,car,2026-03-24,4.64
D00621,bike,2024-03-06,4.72
D00622,car,2025-03-22,4.78
D00623,bike,2023-11-18,4.82
D00624,car,2024-03-26,4.68
D00625,bike,2023-09-01,4.82
D00626,car,2025-09-28,4.93
D00627,bike,2023-02-26,4.93
D00628,bike,2025-02-04,4.52
D00629,bike,2024-01-06,4.86
D00630,bike,2024-10-19,4.76
D00631,bike,2025-10-22,4.73
D00632,bike,2024-03-20,4.78
D00633,bike,2023-11-05,4.38
D00634,car,2024-06-13,4.85
D00635,bike,2023-05-25,4.87
D00636,car,2024-08-10,4.79
D00637,bike,2026-03-18,4.53
D00638,bike,2024-08-05,4.78
D00639,bike,2023-04-05,4.98
D00640,car,2024-10-24,4.75
D00641,bike,2024-08-05,4.19
D00642,bike,2024-05-02,4.56
D00643,bike,2025-02-02,4.56
D00644,bike,2026-02-09,4.77
D00645,car,2024-02-10,4.89
D00646,car,2024-11-10,4.55
D00647,car,2025-05-12,5.0
D00648,bike,2023-08-23,4.94
D00649,bike,2024-11-21,4.59
D00650,car,2024-09-24,4.23
D00651,bike,2025-01-20,4.85
D00652,bike,2024-05-21,4.81
D00653,bike,2023-10-02,4.7
D00654,bike,2024-08-18,4.64
D00655,bike,2023-03-21,4.87
D00656,car,2023-05-16,4.48
D00657,bike,2025-10-29,4.39
D00658,bike,2026-04-14,4.4
D00659,bike,2024-05-26,4.96
D00660,bike,2025-09-21,4.46
D00661,bike,2024-03-17,4.52
D00662,car,2026-03-05,4.47
D00663,bike,2023-07-16,4.55
D00664,car,2023-10-17,4.79
D00665,bike,2024-09-13,4.67
D00666,bike,2026-04-07,5.0
D00667,bike,2025-10-23,4.89
D00668,bike,2024-12-25,4.75
D00669,car,2023-10-10,4.7
D00670,bike,2025-06-09,4.57
D00671,bike,2025-12-02,4.77
D00672,bike,2023-03-01,4.5
D00673,bike,2025-03-28,4.87
D00674,car,2023-02-17,4.79
D00675,bike,2024-08-10,4.86
D00676,bike,2026-01-12,4.94
D00677,bike,2024-09-20,4.62
D00678,bike,2023-06-17,4.57
D00679,car,2024-03-30,4.62
D00680,bike,2025-06-27,4.48
D00681,bike,2026-02-11,4.5
D00682,bike,2026-01-06,4.68
D00683,bike,2024-07-10,4.89
D00684,bike,2024-04-17,4.8
D00685,bike,2024-06-01,5.0
D00686,bike,2024-10-05,4.83
D00687,bike,2024-04-11,4.83
D00688,car,2025-01-09,4.8
D00689,car,2025-04-05,4.8
D00690,bike,2025-07-03,4.69
D00691,car,2024-12-17,4.52
D00692,car,2023-10-25,4.87
D00693,car,2024-07-26,4.63
D00694,bike,2023-10-28,4.51
D00695,car,2023-01-27,4.85
D00696,bike,2023-09-20,5.0
D00697,bike,2024-11-11,4.72
D00698,bike,2025-01-22,4.66
D00699,car,2025-08-12,4.73
D00700,bike,2023-05-11,4.34
D00701,car,2025-02-14,4.47
D00702,bike,2026-03-23,4.68
D00703,bike,2025-04-04,4.71
D00704,bike,2026-01-12,4.6
D00705,car,2024-12-07,4.63
D00706,bike,2025-02-01,4.87
D00707,bike,2024-08-20,4.62
D00708,car,2025-04-21,4.6
D00709,bike,2026-01-12,4.48
D00710,bike,2023-05-23,4.63
D00711,bike,2024-01-19,4.69
D00712,bike,2023-05-19,4.87
D00713,bike,2024-06-17,4.24
D00714,bike,2024-07-24,4.64
D00715,bike,2024-02-14,4.75
D00716,bike,2023-12-16,4.76
D00717,car,2023-04-22,4.75
D00718,bike,2024-10-02,4.87
D00719,bike,2025-08-31,4.79
D00720,car,2024-11-22,4.49
D00721,bike,2024-12-23,4.62
D00722,bike,2025-02-27,4.71
D00723,bike,2026-03-25,4.82
D00724,car,2025-12-23,4.95
D00725,bike,2025-07-02,4.89
D00726,car,2024-10-05,4.82
D00727,car,2024-07-17,4.79
D00728,bike,2026-03-23,5.0
D00729,bike,2025-11-19,4.51
D00730,bike,2024-09-18,4.76
D00731,bike,2024-09-20,4.83
D00732,bike,2023-12-05,4.68
D00733,car,2024-07-07,4.3
D00734,car,2026-02-01,5.0
D00735,car,2025-09-26,4.56
D00736,car,2024-07-08,4.72
D00737,bike,2023-01-28,4.59
D00738,bike,2025-05-01,5.0
D00739,bike,2025-11-30,4.98
D00740,car,2024-02-25,5.0
D00741,car,2024-09-06,4.76
D00742,bike,2025-11-14,4.58
D00743,car,2024-02-28,4.78
D00744,bike,2024-11-14,4.65
D00745,car,2024-08-01,5.0
D00746,bike,2024-10-30,4.39
D00747,car,2025-02-21,4.39
D00748,bike,2023-10-07,4.94
D00749,bike,2023-11-03,5.0
D00750,bike,2023-10-20,4.75
D00751,bike,2023-05-23,4.97
D00752,car,2025-03-05,4.84
D00753,bike,2024-11-25,4.52
D00754,car,2023-05-02,4.65
D00755,bike,2023-06-02,5.0
D00756,bike,2025-03-25,4.79
D00757,bike,2026-04-03,4.69
D00758,bike,2025-11-12,4.74
D00759,bike,2023-02-06,4.98
D00760,bike,2024-10-01,4.66
D00761,car,2024-10-31,5.0
D00762,bike,2024-01-01,4.32
D00763,car,2024-02-25,4.84
D00764,bike,2024-04-17,4.5
D00765,bike,2023-12-15,4.89
D00766,bike,2023-03-10,4.96
D00767,bike,2025-12-05,4.77
D00768,car,2024-03-03,4.83
D00769,bike,2024-11-28,4.85
D00770,car,2025-05-19,4.48
D00771,bike,2023-09-18,4.83
D00772,bike,2024-11-05,4.87
D00773,bike,2024-05-03,4.74
D00774,bike,2024-12-17,4.54
D00775,bike,2026-03-02,4.5
D00776,car,2025-01-08,5.0
D00777,bike,2024-01-25,4.67
D00778,bike,2026-01-11,4.31
D00779,bike,2023-04-03,4.71
D00780,bike,2024-01-26,4.57
D00781,bike,2025-06-26,4.77
D00782,bike,2023-10-21,4.98
D00783,car,2025-04-26,4.53
D00784,bike,2025-04-13,4.69
D00785,bike,2023-08-21,5.0
D00786,bike,2025-08-27,4.65
D00787,bike,2023-10-25,4.56
D00788,bike,2024-01-14,4.92
D00789,car,2025-08-26,4.63
D00790,bike,2025-08-22,4.83
D00791,bike,2025-10-22,4.76
D00792,bike,2023-11-17,4.7
D00793,bike,2024-04-08,4.81
D00794,bike,2023-11-22,4.82
D00795,bike,2024-04-08,4.48
D00796,bike,2024-02-26,4.82
D00797,bike,2024-08-16,4.67
D00798,bike,2023-07-02,4.61
D00799,bike,2023-10-06,4.94
D00800,bike,2024-10-19,5.0
D00801,bike,2023-06-05,4.47
D00802,bike,2025-07-04,4.88
D00803,car,2025-01-04,4.51
D00804,car,2023-02-13,4.39
D00805,bike,2023-06-29,4.46
D00806,bike,2026-03-26,4.66
D00807,car,2025-11-29,4.72
D00808,bike,2023-03-01,4.81
D00809,car,2025-07-04,4.43
D00810,bike,2023-06-26,4.74
D00811,bike,2025-10-18,5.0
D00812,bike,2023-09-02,4.8
D00813,bike,2025-02-13,5.0
D00814,bike,2024-07-03,4.34
D00815,car,2025-07-16,4.84
D00816,bike,2026-04-04,4.64
D00817,bike,2023-09-01,4.48
D00818,bike,2023-05-08,4.75
D00819,bike,2024-08-15,4.8
D00820,bike,2026-03-27,4.61
D00821,bike,2025-02-14,4.91
D00822,bike,2025-06-17,4.76
D00823,bike,2025-07-29,4.67
D00824,bike,2025-09-02,4.88
D00825,bike,2024-03-22,4.55
D00826,car,2024-04-22,4.54
D00827,bike,2025-03-08,4.65
D00828,car,2024-09-17,4.58
D00829,bike,2023-07-14,4.62
D00830,car,2024-04-26,4.67
D00831,bike,2025-09-02,4.28
D00832,bike,2023-01-16,4.6
D00833,bike,2024-09-26,4.53
D00834,bike,2025-04-30,4.61
D00835,bike,2025-09-12,4.93
D00836,car,2024-06-20,4.73
D00837,bike,2024-02-15,4.99
D00838,bike,2024-04-17,4.67
D00839,bike,2025-09-10,4.49
D00840,car,2025-10-13,4.99
D00841,bike,2025-02-04,4.6
D00842,car,2025-05-28,4.84
D00843,bike,2025-06-19,4.61
D00844,car,2023-03-24,4.92
D00845,bike,2023-06-24,4.89
D00846,bike,2025-03-08,4.92
D00847,car,2025-06-25,4.59
D00848,bike,2025-05-24,4.62
D00849,bike,2025-05-24,4.64
D00850,bike,2025-09-17,4.65
D00851,car,2023-05-25,4.47
D00852,car,2026-03-07,4.81
D00853,bike,2024-07-25,4.75
D00854,car,2024-03-07,4.7
D00855,car,2025-08-22,4.26
D00856,car,2024-08-15,4.51
D00857,bike,2023-11-26,4.82
D00858,bike,2023-01-22,4.84
D00859,bike,2025-07-02,4.96
D00860,bike,2026-01-27,4.93
D00861,bike,2026-01-31,4.89
D00862,bike,2025-01-04,5.0
D00863,car,2024-09-13,4.77
D00864,bike,2024-05-31,5.0
D00865,bike,2023-11-02,4.65
D00866,bike,2025-09-05,4.77
D00867,bike,2024-05-16,4.5
D00868,bike,2023-08-15,4.65
D00869,bike,2023-04-06,4.68
D00870,car,2025-07-09,4.76
D00871,car,2023-06-26,4.66
D00872,bike,2026-03-23,4.47
D00873,bike,2023-08-06,4.3
D00874,bike,2025-03-08,5.0
D00875,car,2024-08-11,4.61
D00876,bike,2023-02-25,4.66
D00877,bike,2025-10-31,4.68
D00878,car,2026-03-19,4.53
D00879,bike,2023-09-27,4.38
D00880,car,2024-06-20,4.6
D00881,bike,2023-09-19,5.0
D00882,bike,2023-02-21,5.0
D00883,bike,2024-04-20,4.7
D00884,car,2025-06-16,4.62
D00885,bike,2023-03-31,4.68
D00886,bike,2025-06-26,4.86
D00887,bike,2023-06-21,4.49
D00888,bike,2024-11-24,4.84
D00889,bike,2023-07-25,4.71
D00890,car,2023-06-08,4.07
D00891,car,2024-06-19,4.63
D00892,car,2024-01-16,4.7
D00893,bike,2025-11-17,4.57
D00894,bike,2023-03-31,4.74
D00895,bike,2025-10-02,4.96
D00896,car,2025-01-31,4.2
D00897,bike,2025-11-03,4.46
D00898,bike,2023-06-01,4.65
D00899,bike,2023-07-24,5.0
D00900,bike,2024-02-25,4.85
D00901,bike,2025-02-06,4.85
D00902,bike,2025-10-19,4.15
D00903,bike,2024-04-28,4.49
D00904,car,2025-12-28,4.7
D00905,car,2023-12-19,4.85
D00906,car,2024-05-23,4.74
D00907,bike,2023-05-19,4.5
D00908,bike,2024-10-01,4.84
D00909,car,2024-01-22,4.36
D00910,bike,2023-07-06,4.83
D00911,car,2023-06-19,4.81
D00912,bike,2025-02-24,4.96
D00913,car,2023-08-24,4.72
D00914,bike,2024-11-17,4.72
D00915,car,2024-04-24,4.63
D00916,bike,2023-02-13,4.46
D00917,bike,2023-04-08,4.87
D00918,bike,2023-05-12,4.81
D00919,bike,2025-05-21,4.63
D00920,bike,2024-02-19,4.78
D00921,bike,2026-02-05,4.83
D00922,car,2025-02-23,4.79
D00923,bike,2023-12-21,4.82
D00924,car,2025-11-03,4.73
D00925,car,2024-05-15,4.56
D00926,bike,2024-01-21,4.52
D00927,bike,2026-03-31,4.81
D00928,bike,2023-04-07,4.84
D00929,bike,2024-08-25,4.7
D00930,bike,2023-11-24,4.57
D00931,car,2024-07-23,4.71
D00932,bike,2025-08-25,5.0
D00933,car,2023-11-10,5.0
D00934,bike,2024-05-14,4.99
D00935,car,2024-11-11,4.38
D00936,car,2025-03-25,4.8
D00937,bike,2024-10-26,4.79
D00938,bike,2023-10-21,4.95
D00939,car,2023-07-28,4.75
D00940,bike,2025-09-23,4.36
D00941,bike,2026-02-03,4.6
D00942,bike,2024-10-18,4.58
D00943,car,2025-08-02,4.87
D00944,car,2023-08-15,5.0
D00945,bike,2024-01-14,4.48
D00946,car,2025-03-18,4.25
D00947,bike,2024-08-04,4.55
D00948,car,2024-06-06,4.9
D00949,bike,2024-11-07,4.46
D00950,bike,2023-03-01,4.72
D00951,bike,2024-03-25,4.7
D00952,car,2024-09-10,4.43
D00953,bike,2024-09-23,4.77
D00954,bike,2023-07-29,4.67
D00955,bike,2025-09-28,5.0
D00956,bike,2024-06-20,4.76
D00957,bike,2026-03-31,4.67
D00958,car,2023-03-04,4.66
D00959,car,2024-08-04,4.65
D00960,car,2023-02-16,4.44
D00961,bike,2024-04-21,4.53
D00962,bike,2023-08-01,4.98
D00963,car,2025-03-07,4.67
D00964,bike,2024-08-26,4.76
D00965,bike,2024-07-15,4.95
D00966,bike,2025-07-31,5.0
D00967,bike,2023-07-23,4.59
D00968,bike,2025-07-18,4.83
D00969,bike,2024-04-17,4.72
D00970,bike,2023-05-06,4.88
D00971,bike,2023-07-16,5.0
D00972,bike,2024-04-06,4.75
D00973,bike,2023-01-25,4.71
D00974,car,2023-08-21,4.35
D00975,bike,2024-03-17,4.3
D00976,car,2023-01-27,4.71
D00977,bike,2023-09-30,4.78
D00978,bike,2023-09-27,4.64
D00979,bike,2024-10-14,4.87
D00980,bike,2023-04-26,4.38
D00981,bike,2023-10-17,4.56
D00982,bike,2024-01-22,4.64
D00983,bike,2026-03-22,4.72
D00984,bike,2023-11-14,4.7
D00985,bike,2024-07-03,4.95
D00986,bike,2024-11-06,4.76
D00987,bike,2025-03-18,4.89
D00988,bike,2023-08-29,4.74
D00989,bike,2024-06-28,4.32
D00990,bike,2024-12-31,4.41
D00991,car,2025-05-03,4.54
D00992,bike,2025-01-06,4.43
D00993,bike,2025-07-29,4.51
D00994,bike,2023-09-19,4.62
D00995,bike,2023-03-24,4.48
D00996,car,2024-10-16,4.7
D00997,car,2024-10-24,4.86
D00998,bike,2023-04-30,4.15
D00999,bike,2026-01-30,4.71
D01000,bike,2024-07-13,5.0
D01001,bike,2024-11-06,4.95
D01002,bike,2024-12-04,5.0
D01003,bike,2025-08-16,4.24
D01004,bike,2023-02-05,4.86
D01005,bike,2024-09-01,4.68
D01006,bike,2025-04-07,4.46
D01007,bike,2023-06-04,5.0
D01008,car,2023-03-14,4.77
D01009,bike,2023-07-25,4.91
D01010,bike,2023-02-25,5.0
D01011,bike,2024-11-27,4.9
D01012,car,2023-05-06,4.63
D01013,bike,2025-02-14,4.81
D01014,bike,2025-06-01,4.57
D01015,car,2025-04-23,4.16
D01016,car,2025-07-27,4.7
D01017,bike,2024-03-03,4.79
D01018,car,2023-08-20,4.73
D01019,bike,2025-02-13,4.71
D01020,car,2025-04-15,4.68
D01021,bike,2023-07-02,4.7
D01022,bike,2025-05-23,4.63
D01023,bike,2025-03-14,4.55
D01024,bike,2023-10-04,4.89
D01025,bike,2025-05-19,4.33
D01026,car,2024-03-16,4.65
D01027,bike,2023-09-30,4.78
D01028,car,2025-03-11,4.54
D01029,bike,2024-03-01,4.72
D01030,bike,2023-03-17,4.55
D01031,car,2023-11-23,4.8
D01032,car,2025-02-25,5.0
D01033,car,2023-06-04,4.72
D01034,bike,2025-09-22,4.93
D01035,bike,2023-04-05,4.79
D01036,bike,2026-01-24,4.62
D01037,bike,2025-09-28,4.52
D01038,bike,2023-10-08,4.67
D01039,car,2024-11-12,4.94
D01040,bike,2025-11-16,4.57
D01041,car,2024-02-06,4.81
D01042,car,2024-03-15,4.64
D01043,bike,2024-11-28,4.76
D01044,bike,2023-01-24,4.74
D01045,car,2025-07-20,4.52
D01046,car,2023-06-20,4.72
D01047,car,2023-11-27,5.0
D01048,car,2023-07-20,4.92
D01049,bike,2024-03-23,4.6
D01050,bike,2026-04-04,4.41
D01051,bike,2024-10-12,4.65
D01052,car,2025-05-08,4.51
D01053,bike,2023-03-07,4.43
D01054,bike,2024-10-24,5.0
D01055,car,2025-10-25,4.45
D01056,bike,2026-02-15,4.84
D01057,bike,2025-04-24,4.64
D01058,bike,2025-02-17,4.59
D01059,car,2024-09-06,4.66
D01060,car,2025-07-23,4.38
D01061,car,2023-06-06,4.74
D01062,car,2026-02-26,4.84
D01063,car,2025-03-05,4.76
D01064,bike,2025-07-22,4.51
D01065,car,2026-01-19,4.74
D01066,bike,2025-08-09,4.65
D01067,bike,2024-12-21,4.54
D01068,bike,2025-03-10,4.63
D01069,car,2025-12-17,4.87
D01070,car,2023-10-09,4.86
D01071,bike,2025-05-26,4.66
D01072,bike,2023-08-03,4.63
D01073,bike,2024-11-02,4.55
D01074,bike,2023-02-25,4.3
D01075,bike,2024-10-29,4.72
D01076,car,2024-05-13,4.55
D01077,bike,2026-03-04,4.77
D01078,bike,2023-01-26,4.85
D01079,bike,2024-10-27,4.54
D01080,bike,2025-12-23,4.71
D01081,bike,2025-09-21,4.78
D01082,bike,2024-07-06,4.67
D01083,bike,2025-11-09,4.71
D01084,car,2025-01-07,4.61
D01085,bike,2023-07-17,4.68
D01086,bike,2024-11-28,4.84
D01087,bike,2023-06-16,4.64
D01088,bike,2024-07-31,4.64
D01089,bike,2024-10-14,4.66
D01090,bike,2023-01-18,4.94
D01091,bike,2023-03-22,4.67
D01092,car,2023-01-30,4.94
D01093,bike,2023-09-07,4.76
D01094,car,2025-09-05,4.77
D01095,car,2025-12-28,4.49
D01096,car,2024-06-12,4.5
D01097,bike,2024-06-15,5.0
D01098,bike,2026-02-13,4.81
D01099,car,2025-05-02,4.85
D01100,bike,2025-05-21,4.69
D01101,car,2025-02-04,4.49
D01102,car,2024-04-11,4.54
D01103,bike,2025-08-12,4.65
D01104,bike,2025-09-28,4.97
D01105,bike,2023-07-08,5.0
D01106,bike,2024-10-29,4.78
D01107,bike,2026-02-09,4.86
D01108,car,2024-09-19,4.27
D01109,car,2025-03-11,4.86
D01110,bike,2024-05-27,4.79
D01111,bike,2024-02-09,4.85
D01112,bike,2026-02-01,4.89
D01113,bike,2023-12-08,4.37
D01114,bike,2025-04-11,4.41
D01115,bike,2026-01-06,4.58
D01116,car,2023-08-26,4.8
D01117,car,2024-06-12,5.0
D01118,bike,2023-06-24,4.45
D01119,car,2024-01-07,4.65
D01120,bike,2025-08-10,5.0
D01121,bike,2025-12-05,5.0
D01122,bike,2024-03-11,4.63
D01123,bike,2025-10-10,4.96
D01124,bike,2023-08-21,4.79
D01125,bike,2024-04-27,4.67
D01126,bike,2023-06-20,4.32
D01127,bike,2025-08-30,4.9
D01128,car,2023-12-16,5.0
D01129,car,2025-11-29,4.62
D01130,car,2025-12-22,4.51
D01131,bike,2023-03-14,4.73
D01132,bike,2025-09-07,5.0
D01133,bike,2025-09-29,4.81
D01134,bike,2023-06-29,4.56
D01135,car,2024-11-23,4.91
D01136,bike,2023-12-24,4.59
D01137,bike,2023-10-23,4.71
D01138,bike,2023-05-25,4.8
D01139,bike,2023-03-23,4.71
D01140,car,2024-12-29,4.43
D01141,bike,2024-06-23,4.82
D01142,bike,2025-05-13,4.5
D01143,bike,2026-01-30,4.75
D01144,bike,2026-01-31,4.85
D01145,bike,2024-03-06,4.7
D01146,bike,2024-08-06,4.82
D01147,bike,2024-10-22,4.62
D01148,bike,2024-04-08,4.93
D01149,bike,2023-12-12,4.39
D01150,bike,2023-06-14,4.62
D01151,bike,2023-10-28,4.38
D01152,bike,2025-05-21,4.8
D01153,bike,2023-04-07,4.89
D01154,bike,2024-07-19,4.83
D01155,bike,2025-01-26,4.95
D01156,bike,2025-02-06,4.89
D01157,car,2023-04-30,4.48
D01158,car,2023-12-26,4.66
D01159,bike,2024-06-12,4.93
D01160,car,2024-11-30,4.33
D01161,car,2024-10-22,4.68
D01162,bike,2026-01-01,5.0
D01163,bike,2023-11-03,4.67
D01164,car,2023-11-27,4.35
D01165,bike,2024-07-07,4.62
D01166,car,2024-10-06,4.89
D01167,bike,2024-06-21,4.64
D01168,bike,2023-12-19,4.87
D01169,bike,2024-09-09,4.64
D01170,bike,2024-03-11,4.62
D01171,bike,2023-07-08,4.72
D01172,car,2024-11-30,4.54
D01173,bike,2024-01-20,4.94
D01174,bike,2023-11-27,4.64
D01175,bike,2024-03-25,4.53
D01176,car,2025-02-06,4.71
D01177,bike,2023-06-18,4.81
D01178,bike,2025-11-01,4.91
D01179,bike,2026-02-07,5.0
D01180,bike,2024-06-05,4.82
D01181,car,2024-10-24,4.84
D01182,car,2024-12-02,4.92
D01183,bike,2026-01-17,4.54
D01184,bike,2023-04-02,4.95
D01185,car,2024-09-18,4.61
D01186,bike,2024-04-29,4.82
D01187,bike,2023-02-26,4.53
D01188,car,2024-10-01,4.69
D01189,car,2024-09-27,4.83
D01190,bike,2025-06-29,4.76
D01191,bike,2024-05-22,4.55
D01192,bike,2025-11-27,4.83
D01193,bike,2025-04-25,4.77
D01194,car,2024-06-24,4.64
D01195,bike,2024-06-28,4.92
D01196,bike,2023-04-17,4.53
D01197,car,2025-01-26,4.66
D01198,bike,2025-10-12,4.9
D01199,bike,2024-05-07,4.85
D01200,bike,2025-06-21,4.82
D01201,car,2026-03-26,5.0
D01202,car,2023-04-18,5.0
D01203,bike,2025-05-31,4.78
D01204,bike,2023-07-26,4.72
D01205,bike,2024-06-19,4.53
D01206,bike,2024-10-27,4.92
D01207,car,2025-09-19,4.76
D01208,bike,2024-02-27,4.74
D01209,bike,2026-02-02,4.37
D01210,bike,2025-11-10,4.95
D01211,bike,2024-06-03,4.49
D01212,bike,2023-01-10,4.89
D01213,bike,2023-01-17,4.79
D01214,car,2023-01-01,4.52
D01215,car,2024-02-25,4.35
D01216,bike,2023-09-27,4.55
D01217,car,2023-11-15,4.45
D01218,bike,2025-08-18,4.4
D01219,car,2024-05-02,4.45
D01220,bike,2024-05-26,4.34
D01221,car,2025-04-08,4.49
D01222,bike,2024-09-28,4.62
D01223,car,2023-04-29,4.5
D01224,car,2023-06-04,4.74
D01225,bike,2024-09-24,4.83
D01226,bike,2026-03-29,4.9
D01227,bike,2025-02-10,4.56
D01228,bike,2024-07-23,4.89
D01229,bike,2025-06-13,4.57
D01230,car,2024-07-24,4.53
D01231,car,2024-06-21,4.6
D01232,bike,2024-02-22,4.7
D01233,bike,2024-03-26,4.53
D01234,bike,2026-01-09,4.94
D01235,bike,2025-05-12,4.72
D01236,bike,2025-05-17,4.89
D01237,bike,2024-02-06,4.74
D01238,bike,2024-03-30,4.82
D01239,car,2024-05-17,4.95
D01240,car,2023-09-04,4.79
D01241,car,2025-10-11,4.72
D01242,car,2023-11-24,5.0
D01243,bike,2025-08-25,4.75
D01244,car,2025-03-05,4.75
D01245,car,2023-12-16,4.3
D01246,car,2024-09-25,4.73
D01247,bike,2023-05-30,4.69
D01248,bike,2025-05-03,4.35
D01249,bike,2023-06-20,4.57
D01250,car,2024-02-10,5.0
D01251,car,2025-04-26,4.8
D01252,bike,2024-09-25,4.34
D01253,bike,2025-06-12,4.63
D01254,car,2023-12-16,4.93
D01255,car,2024-10-04,4.76
D01256,bike,2023-07-21,4.48
D01257,car,2023-10-14,4.51
D01258,bike,2023-11-08,4.47
D01259,bike,2023-08-23,5.0
D01260,car,2025-11-15,4.79
D01261,car,2026-01-06,4.94
D01262,car,2023-06-28,4.64
D01263,bike,2026-01-03,4.8
D01264,car,2026-03-16,4.81
D01265,car,2026-01-18,4.49
D01266,car,2024-10-04,4.49
D01267,bike,2023-08-24,4.6
D01268,bike,2025-10-29,4.98
D01269,bike,2024-05-29,4.77
D01270,bike,2026-02-13,4.33
D01271,bike,2024-09-18,4.7
D01272,bike,2026-01-05,4.47
D01273,bike,2024-07-27,4.55
D01274,bike,2025-12-04,4.6
D01275,bike,2026-02-19,4.95
D01276,bike,2025-03-24,4.81
D01277,bike,2025-10-01,4.93
D01278,bike,2023-10-03,4.65
D01279,bike,2024-09-14,4.82
D01280,bike,2024-04-05,4.86
D01281,bike,2024-06-13,4.54
D01282,bike,2023-01-12,4.94
D01283,car,2025-08-05,5.0
D01284,car,2025-06-24,4.55
D01285,bike,2023-10-06,4.76
D01286,bike,2024-04-04,4.67
D01287,car,2024-11-25,4.46
D01288,bike,2024-10-19,4.62
D01289,bike,2025-12-29,4.56
D01290,bike,2025-02-16,4.5
D01291,bike,2023-12-04,4.92
D01292,car,2024-01-11,4.57
D01293,bike,2026-01-01,4.95
D01294,bike,2024-05-22,4.53
D01295,bike,2025-06-05,4.36
D01296,car,2023-01-26,4.88
D01297,car,2023-10-20,4.29
D01298,bike,2023-11-12,4.36
D01299,bike,2025-09-14,4.62
D01300,bike,2025-12-10,4.67
D01301,bike,2024-08-23,4.89
D01302,car,2024-01-25,5.0
D01303,bike,2025-10-21,4.44
D01304,bike,2023-10-21,5.0
D01305,car,2025-08-08,4.74
D01306,car,2023-03-29,4.72
D01307,bike,2025-07-12,4.83
D01308,bike,2025-04-16,4.83
D01309,bike,2024-02-02,4.94
D01310,car,2024-09-29,4.54
D01311,bike,2025-04-19,4.92
D01312,bike,2023-09-23,4.8
D01313,bike,2025-05-06,4.64
D01314,car,2024-04-18,4.5
D01315,bike,2026-01-24,4.69
D01316,bike,2025-01-16,4.84
D01317,bike,2023-06-14,4.73
D01318,bike,2023-05-13,4.78
D01319,bike,2023-10-28,4.59
D01320,bike,2025-09-23,5.0
D01321,bike,2023-02-25,4.8
D01322,car,2024-12-23,4.94
D01323,bike,2024-03-29,4.78
D01324,car,2025-10-17,4.91
D01325,bike,2026-03-30,4.59
D01326,bike,2023-11-02,4.72
D01327,bike,2023-06-26,4.79
D01328,bike,2024-03-16,5.0
D01329,car,2024-09-07,4.97
D01330,bike,2024-01-21,4.61
D01331,bike,2023-09-27,4.63
D01332,bike,2025-11-16,4.87
D01333,car,2025-06-23,4.57
D01334,bike,2023-03-21,4.7
D01335,bike,2025-06-25,4.81
D01336,car,2024-06-21,5.0
D01337,bike,2023-01-07,4.73
D01338,bike,2024-08-22,4.74
D01339,bike,2023-04-25,4.62
D01340,bike,2023-07-07,4.43
D01341,bike,2025-09-23,4.77
D01342,car,2024-10-08,4.67
D01343,car,2023-09-06,4.62
D01344,bike,2025-07-20,4.7
D01345,bike,2026-03-08,4.72
D01346,bike,2024-06-15,4.65
D01347,bike,2023-12-03,4.64
D01348,car,2025-04-12,4.79
D01349,bike,2024-06-14,4.88
D01350,bike,2025-08-05,4.87
D01351,bike,2026-01-01,4.71
D01352,car,2024-09-07,5.0
D01353,bike,2026-01-19,5.0
D01354,bike,2025-06-19,4.51
D01355,car,2026-04-05,4.56
D01356,car,2025-10-09,4.9
D01357,bike,2023-11-18,4.9
D01358,bike,2023-09-29,4.62
D01359,bike,2023-07-26,4.54
D01360,bike,2024-07-26,4.87
D01361,car,2025-02-15,4.69
D01362,car,2025-09-27,5.0
D01363,car,2024-12-11,4.76
D01364,bike,2025-08-29,4.75
D01365,bike,2025-08-23,4.93
D01366,bike,2026-03-10,4.69
D01367,car,2024-04-03,4.93
D01368,bike,2024-12-16,5.0
D01369,bike,2026-01-11,4.72
D01370,bike,2025-08-23,4.52
D01371,car,2023-12-13,4.91
D01372,bike,2024-01-23,4.58
D01373,car,2025-01-25,4.62
D01374,bike,2023-09-19,4.82
D01375,car,2024-12-31,4.51
D01376,car,2023-12-28,5.0
D01377,car,2023-09-22,4.49
D01378,bike,2025-06-29,4.6
D01379,bike,2025-02-21,4.48
D01380,bike,2025-01-22,5.0
D01381,bike,2023-12-18,4.88
D01382,bike,2025-08-01,5.0
D01383,bike,2025-12-01,4.43
D01384,bike,2023-02-15,4.8
D01385,bike,2023-09-22,4.89
D01386,car,2026-04-11,4.41
D01387,bike,2024-02-12,4.88
D01388,bike,2025-02-15,4.7
D01389,bike,2024-08-06,4.46
D01390,bike,2023-02-23,4.99
D01391,bike,2025-12-19,4.55
D01392,bike,2026-02-16,4.91
D01393,bike,2023-08-20,4.44
D01394,bike,2024-01-03,4.58
D01395,bike,2024-02-24,4.85
D01396,bike,2023-09-10,4.8
D01397,bike,2025-02-06,4.75
D01398,bike,2025-01-22,4.62
D01399,bike,2025-03-25,4.75
D01400,bike,2024-01-14,4.74
D01401,car,2024-02-12,4.7
D01402,bike,2024-01-17,4.86
D01403,bike,2023-11-19,4.74
D01404,bike,2023-10-07,4.71
D01405,bike,2025-09-01,5.0
D01406,car,2024-08-07,4.82
D01407,bike,2024-05-28,4.95
D01408,car,2024-01-06,4.73
D01409,bike,2026-02-23,4.84
D01410,bike,2025-10-01,4.34
D01411,bike,2023-06-19,4.86
D01412,car,2023-06-06,4.92
D01413,bike,2023-01-26,4.6
D01414,bike,2025-01-21,5.0
D01415,bike,2025-11-06,4.83
D01416,bike,2025-02-21,4.6
D01417,bike,2025-11-19,4.92
D01418,car,2024-05-30,4.74
D01419,bike,2023-04-03,4.83
D01420,bike,2026-03-21,4.7
D01421,bike,2025-05-31,4.7
D01422,bike,2023-08-27,4.59
D01423,car,2023-07-15,4.53
D01424,car,2024-10-27,4.73
D01425,bike,2023-09-09,4.61
D01426,bike,2025-04-25,4.77
D01427,car,2025-04-03,4.52
D01428,bike,2026-02-08,4.74
D01429,bike,2023-12-22,4.65
D01430,bike,2025-11-25,4.68
D01431,bike,2025-10-11,4.67
D01432,bike,2025-10-04,4.72
D01433,bike,2025-02-19,4.83
D01434,car,2024-04-30,5.0
D01435,bike,2025-12-03,4.44
D01436,bike,2024-06-14,4.38
D01437,car,2025-09-04,4.64
D01438,bike,2024-01-09,4.71
D01439,bike,2025-05-20,4.69
D01440,bike,2024-11-06,4.61
D01441,bike,2023-04-17,4.63
D01442,bike,2024-04-27,4.87
D01443,bike,2023-09-28,4.73
D01444,bike,2023-06-15,4.7
D01445,bike,2023-10-21,4.42
D01446,car,2025-06-12,5.0
D01447,car,2024-05-22,4.5
D01448,bike,2023-01-16,4.27
D01449,bike,2025-03-05,4.67
D01450,car,2023-10-31,4.8
D01451,car,2024-05-02,4.81
D01452,bike,2023-12-15,4.4
D01453,car,2024-05-08,4.9
D01454,bike,2026-01-18,4.86
D01455,bike,2023-04-30,4.47
D01456,bike,2025-03-24,4.74
D01457,bike,2025-05-11,4.43
D01458,bike,2025-01-24,4.84
D01459,bike,2025-05-17,4.94
D01460,bike,2023-05-27,4.87
D01461,bike,2024-10-30,4.33
D01462,car,2023-07-19,4.76
D01463,car,2025-01-14,4.65
D01464,car,2025-02-12,4.77
D01465,bike,2024-06-19,4.42
D01466,bike,2025-09-25,4.89
D01467,car,2024-12-05,4.88
D01468,bike,2025-08-25,4.89
D01469,bike,2025-08-23,4.92
D01470,bike,2023-04-28,4.57
D01471,bike,2023-03-20,4.62
D01472,car,2025-07-17,4.83
D01473,bike,2023-06-05,4.76
D01474,bike,2025-06-27,4.75
D01475,bike,2025-02-07,5.0
D01476,car,2024-12-15,4.71
D01477,car,2024-01-18,4.72
D01478,bike,2026-02-03,4.71
D01479,bike,2024-04-27,4.84
D01480,bike,2025-02-14,4.67
D01481,car,2023-03-16,4.54
D01482,car,2023-03-29,4.73
D01483,car,2026-01-11,4.18
D01484,bike,2023-02-15,4.78
D01485,car,2024-07-21,4.98
D01486,bike,2026-04-08,4.79
D01487,bike,2024-04-09,4.67
D01488,bike,2025-11-08,4.38
D01489,car,2025-06-07,4.56
D01490,bike,2023-02-26,4.74
D01491,car,2023-05-22,4.5
D01492,bike,2023-09-14,4.86
D01493,bike,2025-08-21,4.65
D01494,bike,2024-10-24,4.66
D01495,bike,2025-07-11,4.89
D01496,bike,2024-09-12,4.72
D01497,car,2023-09-04,4.62
D01498,bike,2025-07-18,4.4
D01499,bike,2026-01-28,5.0
D01500,bike,2023-03-13,4.55
D01501,bike,2024-04-27,4.88
D01502,bike,2023-07-30,5.0
D01503,car,2025-06-03,4.48
D01504,bike,2025-05-28,4.88
D01505,bike,2024-02-20,4.43
D01506,bike,2026-01-02,4.51
D01507,car,2024-05-29,4.65
D01508,bike,2024-04-11,4.64
D01509,bike,2025-12-06,4.97
D01510,car,2023-07-04,5.0
D01511,car,2024-05-31,4.3
D01512,bike,2024-08-27,4.77
D01513,bike,2024-12-16,4.81
D01514,car,2025-02-21,4.54
D01515,bike,2024-03-11,4.79
D01516,bike,2024-03-03,4.42
D01517,bike,2023-05-09,4.89
D01518,bike,2023-08-03,4.47
D01519,car,2025-11-19,4.95
D01520,bike,2025-10-11,4.62
D01521,bike,2023-08-26,4.9
D01522,car,2023-03-29,4.85
D01523,bike,2023-11-01,4.56
D01524,bike,2023-03-13,4.87
D01525,bike,2024-06-17,4.68
D01526,bike,2023-08-16,5.0
D01527,bike,2026-03-30,4.35
D01528,bike,2024-03-17,5.0
D01529,bike,2024-01-29,5.0
D01530,bike,2023-11-17,4.76
D01531,car,2024-02-29,4.84
D01532,bike,2025-07-06,4.99
D01533,car,2025-08-11,4.47
D01534,bike,2023-08-17,4.54
D01535,bike,2024-03-13,4.69
D01536,bike,2025-06-12,4.58
D01537,bike,2025-02-26,4.59
D01538,bike,2026-03-09,4.57
D01539,bike,2024-11-04,4.44
D01540,bike,2023-06-06,4.37
D01541,bike,2026-02-11,4.6
D01542,car,2025-06-14,4.6
D01543,bike,2023-12-24,4.68
D01544,bike,2025-09-11,4.6
D01545,bike,2025-08-18,4.75
D01546,bike,2024-01-19,4.74
D01547,bike,2024-04-28,4.74
D01548,bike,2023-03-16,4.61
D01549,bike,2023-10-02,4.71
D01550,bike,2025-03-14,5.0
D01551,bike,2024-09-13,4.82
D01552,bike,2023-06-17,4.27
D01553,bike,2024-01-19,4.71
D01554,bike,2025-09-03,4.81
D01555,bike,2024-10-17,4.28
D01556,bike,2026-04-13,4.73
D01557,bike,2023-12-01,4.52
D01558,bike,2024-08-27,4.57
D01559,bike,2025-11-06,4.78
D01560,bike,2025-10-27,4.69
D01561,bike,2025-06-23,4.81
D01562,bike,2025-01-14,4.82
D01563,bike,2025-08-03,4.54
D01564,bike,2023-08-22,4.49
D01565,car,2025-01-02,4.45
D01566,car,2023-04-16,4.56
D01567,car,2023-06-30,4.88
D01568,car,2024-05-17,4.67
D01569,bike,2025-11-26,4.57
D01570,bike,2024-11-25,4.97
D01571,car,2023-11-27,4.55
D01572,bike,2023-03-05,4.59
D01573,car,2024-01-15,4.75
D01574,bike,2024-07-11,4.64
D01575,bike,2025-05-18,4.89
D01576,car,2024-10-10,4.49
D01577,bike,2025-02-24,4.61
D01578,bike,2023-04-11,4.84
D01579,car,2024-11-03,4.55
D01580,bike,2026-03-17,5.0
D01581,bike,2025-01-20,4.81
D01582,bike,2023-08-14,4.85
D01583,bike,2025-10-19,4.96
D01584,bike,2023-07-24,4.51
D01585,bike,2025-12-28,4.98
D01586,bike,2025-11-11,4.49
D01587,bike,2023-11-14,5.0
D01588,bike,2023-08-20,4.92
D01589,car,2025-05-24,4.89
D01590,bike,2026-03-07,4.88
D01591,bike,2023-07-29,4.77
D01592,bike,2024-07-06,4.89
D01593,car,2024-01-30,4.74
D01594,bike,2024-08-19,4.66
D01595,bike,2023-04-23,5.0
D01596,bike,2024-12-10,4.97
D01597,bike,2026-01-27,4.71
D01598,car,2025-02-02,4.86
D01599,bike,2024-10-23,4.6
D01600,bike,2024-10-11,4.65
D01601,bike,2023-03-26,4.63
D01602,bike,2025-05-12,4.54
D01603,car,2024-03-18,4.71
D01604,bike,2024-03-19,4.89
D01605,bike,2023-08-29,4.67
D01606,car,2024-10-28,4.66
D01607,bike,2023-12-18,4.74
D01608,bike,2024-12-10,4.56
D01609,bike,2023-07-14,4.78
D01610,bike,2023-02-21,4.57
D01611,bike,2024-01-04,4.48
D01612,car,2024-02-27,4.71
D01613,bike,2025-12-15,4.4
D01614,bike,2024-12-06,4.79
D01615,bike,2025-02-08,4.74
D01616,bike,2023-03-14,4.66
D01617,car,2023-08-29,4.61
D01618,bike,2023-01-16,4.75
D01619,bike,2026-02-03,4.8
D01620,bike,2025-09-08,4.74
D01621,bike,2024-09-03,4.8
D01622,bike,2024-06-18,4.57
D01623,car,2024-07-14,5.0
D01624,bike,2023-11-12,4.77
D01625,car,2024-03-10,4.91
D01626,bike,2023-10-19,4.58
D01627,bike,2026-01-24,4.58
D01628,car,2023-12-14,4.58
D01629,car,2023-11-20,4.67
D01630,car,2026-03-12,4.64
D01631,car,2025-07-13,4.53
D01632,bike,2025-12-13,4.23
D01633,bike,2025-07-11,4.71
D01634,bike,2023-02-18,5.0
D01635,car,2024-03-19,4.76
D01636,car,2023-08-10,4.4
D01637,car,2023-03-13,4.51
D01638,bike,2023-07-10,4.73
D01639,car,2023-02-09,4.69
D01640,bike,2024-04-11,4.55
D01641,bike,2024-02-22,4.7
D01642,car,2023-12-10,4.53
D01643,bike,2025-08-22,4.86
D01644,bike,2023-09-11,4.68
D01645,bike,2026-02-12,4.34
D01646,car,2025-06-16,4.88
D01647,bike,2023-04-23,4.63
D01648,car,2024-08-20,4.97
D01649,car,2026-04-04,4.8
D01650,bike,2023-05-13,4.56
D01651,bike,2023-06-14,4.34
D01652,bike,2025-09-30,4.63
D01653,bike,2023-10-16,4.82
D01654,bike,2024-06-12,4.85
D01655,bike,2023-05-11,4.65
D01656,bike,2024-03-12,4.4
D01657,car,2025-01-01,4.51
D01658,bike,2024-01-27,4.9
D01659,bike,2025-12-27,4.46
D01660,bike,2024-08-08,4.47
D01661,bike,2023-08-06,4.49
D01662,bike,2025-02-25,4.27
D01663,car,2025-04-14,4.87
D01664,bike,2023-03-09,4.96
D01665,car,2023-09-11,4.45
D01666,bike,2026-02-10,4.79
D01667,bike,2025-01-07,4.99
D01668,bike,2025-12-17,4.55
D01669,car,2023-04-20,4.73
D01670,bike,2023-08-04,4.69
D01671,car,2024-09-22,4.48
D01672,car,2026-01-28,4.54
D01673,bike,2023-12-29,4.94
D01674,bike,2025-02-25,4.94
D01675,car,2024-03-18,4.53
D01676,bike,2023-09-06,4.78
D01677,car,2025-07-13,4.94
D01678,bike,2023-12-12,4.8
D01679,bike,2023-08-19,4.99
D01680,bike,2024-11-07,4.6
D01681,car,2023-05-04,5.0
D01682,bike,2025-07-18,4.6
D01683,bike,2023-05-07,4.8
D01684,bike,2024-03-10,4.35
D01685,bike,2025-07-01,4.69
D01686,bike,2026-01-08,4.85
D01687,bike,2025-09-06,4.72
D01688,car,2024-02-08,4.33
D01689,bike,2025-10-20,4.67
D01690,bike,2025-06-16,5.0
D01691,car,2025-11-02,4.55
D01692,car,2024-04-30,4.29
D01693,car,2025-05-20,4.72
D01694,bike,2025-04-10,4.74
D01695,bike,2023-07-02,4.67
D01696,bike,2025-07-21,4.69
D01697,car,2023-10-16,4.99
D01698,car,2023-12-04,4.88
D01699,bike,2023-08-29,4.73
D01700,car,2025-01-10,4.93
D01701,bike,2025-12-26,4.61
D01702,car,2026-02-19,4.92
D01703,car,2024-11-11,4.7
D01704,bike,2025-01-18,4.72
D01705,bike,2023-05-16,4.66
D01706,car,2024-08-16,4.86
D01707,bike,2023-11-27,4.74
D01708,bike,2023-11-01,4.7
D01709,car,2023-04-08,5.0
D01710,bike,2023-11-14,5.0
D01711,car,2023-10-28,4.95
D01712,bike,2023-06-10,4.64
D01713,bike,2024-11-22,4.45
D01714,bike,2025-10-27,4.78
D01715,bike,2024-01-12,4.47
D01716,car,2023-06-27,4.68
D01717,bike,2025-06-28,5.0
D01718,bike,2024-12-10,4.53
D01719,bike,2023-01-01,4.42
D01720,car,2023-07-06,4.51
D01721,bike,2024-04-01,4.72
D01722,bike,2024-04-19,4.65
D01723,bike,2023-04-08,4.97
D01724,bike,2023-10-04,4.43
D01725,car,2024-03-30,4.68
D01726,bike,2025-08-30,4.22
D01727,bike,2024-05-15,4.57
D01728,bike,2025-08-24,4.48
D01729,bike,2025-08-15,4.41
D01730,car,2023-02-14,4.86
D01731,bike,2025-02-27,4.66
D01732,car,2024-10-12,4.78
D01733,bike,2023-01-12,4.24
D01734,car,2024-10-13,4.96
D01735,bike,2024-01-30,4.35
D01736,car,2024-07-16,4.72
D01737,bike,2024-12-28,4.71
D01738,bike,2025-04-25,4.59
D01739,bike,2025-11-14,5.0
D01740,bike,2025-02-04,4.35
D01741,bike,2025-03-24,4.85
D01742,bike,2024-03-25,4.72
D01743,car,2024-04-20,4.78
D01744,bike,2024-05-25,4.62
D01745,car,2025-10-16,5.0
D01746,bike,2025-05-30,4.77
D01747,bike,2024-05-02,4.82
D01748,bike,2025-11-17,4.47
D01749,bike,2023-07-29,4.56
D01750,bike,2025-01-04,4.75
D01751,bike,2023-04-18,4.64
D01752,bike,2023-05-12,4.33
D01753,bike,2023-03-22,5.0
D01754,car,2025-12-21,4.68
D01755,bike,2024-08-07,4.53
D01756,bike,2025-05-19,4.57
D01757,bike,2025-11-17,4.55
D01758,bike,2023-05-05,4.75
D01759,car,2023-04-26,4.79
D01760,bike,2024-03-29,4.48
D01761,bike,2025-06-22,4.71
D01762,car,2025-04-07,4.75
D01763,bike,2026-01-24,4.37
D01764,car,2023-04-24,4.78
D01765,bike,2023-02-06,4.53
D01766,bike,2024-12-07,4.68
D01767,bike,2024-10-27,4.88
D01768,car,2025-12-04,4.49
D01769,bike,2023-09-13,4.86
D01770,bike,2023-09-21,4.73
D01771,bike,2023-02-24,4.65
D01772,bike,2023-10-07,4.71
D01773,bike,2025-04-28,4.78
D01774,bike,2024-07-18,4.58
D01775,car,2024-06-16,4.41
D01776,car,2024-11-02,4.85
D01777,bike,2024-02-06,4.4
D01778,bike,2023-01-30,4.89
D01779,bike,2025-04-23,4.66
D01780,bike,2024-06-19,4.71
D01781,bike,2024-10-23,4.48
D01782,bike,2023-03-10,4.73
D01783,car,2025-10-30,4.83
D01784,bike,2024-10-27,4.31
D01785,bike,2024-01-05,5.0
D01786,bike,2023-06-29,4.82
D01787,bike,2024-10-06,4.52
D01788,bike,2024-12-30,4.76
D01789,bike,2025-10-29,4.9
D01790,bike,2024-08-24,5.0
D01791,bike,2024-08-07,4.91
D01792,bike,2025-03-18,4.17
D01793,bike,2025-10-24,4.48
D01794,car,2023-05-16,4.29
D01795,bike,2024-10-12,4.87
D01796,bike,2024-05-20,4.85
D01797,bike,2025-02-25,4.47
D01798,bike,2025-04-16,4.73
D01799,car,2024-04-23,4.76
D01800,bike,2025-04-06,4.87
D01801,bike,2024-04-20,4.79
D01802,bike,2025-07-07,4.9
D01803,car,2025-12-18,4.83
D01804,bike,2025-04-20,5.0
D01805,car,2024-03-23,4.25
D01806,bike,2025-01-29,4.82
D01807,bike,2024-09-21,4.84
D01808,bike,2023-03-15,5.0
D01809,bike,2026-01-13,4.78
D01810,bike,2025-02-14,4.6
D01811,car,2025-03-05,4.58
D01812,bike,2024-07-04,4.77
D01813,car,2026-04-13,4.98
D01814,car,2023-03-09,4.53
D01815,bike,2024-09-09,4.54
D01816,car,2023-08-27,4.66
D01817,car,2024-04-01,4.54
D01818,bike,2025-09-25,4.88
D01819,bike,2023-04-14,4.79
D01820,bike,2025-08-08,4.51
D01821,bike,2023-12-12,4.72
D01822,bike,2025-01-07,4.48
D01823,car,2023-03-10,5.0
D01824,bike,2025-11-09,4.5
D01825,bike,2025-02-04,5.0
D01826,car,2024-12-26,4.85
D01827,car,2023-01-31,4.78
D01828,bike,2024-12-01,4.93
D01829,bike,2024-11-07,4.66
D01830,bike,2024-11-04,4.82
D01831,bike,2025-05-15,5.0
D01832,bike,2023-03-01,4.6
D01833,bike,2023-09-08,4.54
D01834,bike,2024-01-04,4.59
D01835,car,2023-12-14,4.87
D01836,car,2024-03-10,4.72
D01837,car,2025-03-12,4.87
D01838,bike,2024-08-25,4.89
D01839,car,2023-10-26,4.56
D01840,car,2024-01-25,4.71
D01841,car,2025-07-02,4.29
D01842,bike,2024-11-28,4.77
D01843,bike,2025-03-20,4.85
D01844,car,2024-03-19,4.96
D01845,car,2023-01-25,4.7
D01846,bike,2024-06-16,4.7
D01847,car,2023-04-10,4.98
D01848,car,2025-07-25,4.89
D01849,bike,2023-07-23,4.82
D01850,bike,2024-06-01,4.47
D01851,bike,2024-10-14,4.45
D01852,bike,2024-12-08,4.85
D01853,bike,2023-08-08,4.77
D01854,car,2025-12-18,5.0
D01855,bike,2023-08-09,5.0
D01856,bike,2025-05-04,4.6
D01857,bike,2025-10-15,4.82
D01858,car,2023-09-16,5.0
D01859,bike,2024-04-15,4.54
D01860,car,2023-11-13,5.0
D01861,bike,2023-06-27,4.89
D01862,bike,2023-10-26,4.6
D01863,car,2024-03-28,4.87
D01864,bike,2023-10-02,4.84
D01865,bike,2026-01-26,4.86
D01866,bike,2024-11-15,4.61
D01867,bike,2024-08-21,4.58
D01868,car,2023-06-01,4.61
D01869,bike,2025-06-19,4.77
D01870,bike,2024-10-31,4.56
D01871,bike,2026-01-30,4.82
D01872,bike,2024-09-21,4.62
D01873,car,2023-03-14,4.47
D01874,bike,2023-05-07,4.78
D01875,bike,2023-03-15,4.6
D01876,car,2024-12-24,4.81
D01877,bike,2024-07-03,4.61
D01878,car,2024-03-21,4.51
D01879,car,2024-04-21,4.35
D01880,bike,2025-01-15,4.69
D01881,bike,2024-04-19,4.48
D01882,car,2026-01-15,4.94
D01883,car,2024-07-07,4.59
D01884,bike,2024-03-26,4.54
D01885,bike,2024-07-29,4.7
D01886,car,2023-04-11,4.69
D01887,bike,2025-05-12,5.0
D01888,bike,2024-11-16,4.58
D01889,car,2023-08-27,5.0
D01890,bike,2025-09-06,4.7
D01891,bike,2023-09-20,4.28
D01892,bike,2024-12-06,4.51
D01893,car,2025-01-12,4.5
D01894,bike,2024-11-14,4.64
D01895,bike,2023-05-14,4.99
D01896,bike,2026-01-11,4.41
D01897,bike,2023-05-22,4.77
D01898,car,2026-03-01,4.91
D01899,bike,2026-03-23,4.79
D01900,bike,2023-08-16,5.0
D01901,car,2025-10-26,4.23
D01902,bike,2025-10-26,4.82
D01903,bike,2026-01-29,4.29
D01904,bike,2023-07-27,4.92
D01905,bike,2024-02-22,4.39
D01906,bike,2025-03-31,5.0
D01907,bike,2024-08-22,4.94
D01908,bike,2023-12-10,4.73
D01909,bike,2024-04-08,4.61
D01910,bike,2023-11-20,4.45
D01911,bike,2023-12-02,4.72
D01912,bike,2025-06-08,4.63
D01913,bike,2024-01-28,4.62
D01914,bike,2023-11-16,4.09
D01915,bike,2024-05-01,4.43
D01916,bike,2024-11-24,4.68
D01917,car,2024-03-14,4.79
D01918,car,2024-01-30,4.63
D01919,bike,2024-04-18,4.9
D01920,bike,2023-12-26,4.87
D01921,car,2023-05-02,4.68
D01922,car,2024-03-20,4.44
D01923,car,2025-07-22,4.72
D01924,car,2025-04-25,4.66
D01925,car,2023-02-16,4.64
D01926,bike,2025-10-08,4.87
D01927,bike,2024-02-17,4.67
D01928,car,2025-04-27,4.4
D01929,bike,2026-01-30,5.0
D01930,car,2023-06-16,4.86
D01931,bike,2025-11-13,4.44
D01932,bike,2025-01-08,4.72
D01933,bike,2026-03-31,4.54
D01934,car,2025-12-07,4.58
D01935,bike,2023-03-18,4.83
D01936,bike,2025-07-08,4.48
D01937,bike,2025-07-30,4.76
D01938,car,2024-11-30,4.49
D01939,bike,2023-04-24,4.62
D01940,car,2026-01-28,4.76
D01941,car,2024-12-07,4.73
D01942,bike,2024-02-22,4.27
D01943,bike,2025-01-30,4.44
D01944,bike,2025-12-12,4.62
D01945,bike,2024-08-28,4.6
D01946,bike,2023-11-08,4.84
D01947,car,2024-05-16,4.89
D01948,car,2025-06-30,4.42
D01949,car,2024-03-04,4.63
D01950,car,2024-10-21,4.92
D01951,bike,2023-06-15,4.89
D01952,bike,2025-02-26,4.56
D01953,bike,2023-11-26,4.72
D01954,bike,2025-07-29,4.21
D01955,bike,2023-12-23,4.66
D01956,car,2024-12-07,5.0
D01957,bike,2023-07-10,4.75
D01958,bike,2024-12-28,4.39
D01959,bike,2025-03-31,4.96
D01960,bike,2023-03-19,4.32
D01961,bike,2024-07-10,4.55
D01962,bike,2024-06-20,4.59
D01963,bike,2025-09-25,4.67
D01964,bike,2023-02-08,4.45
D01965,bike,2026-01-04,4.27
D01966,bike,2026-01-19,4.42
D01967,car,2023-09-13,4.72
D01968,bike,2023-12-07,4.89
D01969,car,2025-06-28,4.56
D01970,car,2023-07-10,4.73
D01971,car,2023-10-18,4.79
D01972,bike,2023-12-20,4.74
D01973,bike,2025-05-06,4.7
D01974,bike,2023-07-11,4.66
D01975,bike,2024-12-15,4.68
D01976,car,2023-04-28,4.95
D01977,bike,2024-04-03,4.76
D01978,bike,2025-11-09,4.5
D01979,car,2026-02-06,4.76
D01980,car,2023-05-21,4.6
D01981,bike,2025-08-19,4.23
D01982,bike,2025-09-11,4.81
D01983,bike,2024-01-26,4.86
D01984,bike,2024-08-13,4.75
D01985,bike,2023-10-17,4.59
D01986,bike,2024-11-29,4.86
D01987,bike,2025-03-27,4.74
D01988,bike,2024-03-05,4.62
D01989,car,2025-01-05,4.79
D01990,bike,2025-04-21,4.6
D01991,bike,2024-07-16,4.22
D01992,car,2023-08-11,4.7
D01993,bike,2025-04-28,5.0
D01994,car,2024-03-06,4.66
D01995,bike,2023-12-04,4.77
D01996,bike,2025-09-16,4.6
D01997,car,2024-07-01,4.58
D01998,bike,2024-08-20,4.56
D01999,bike,2023-12-19,4.8
D02000,bike,2023-05-08,4.96
