customer_id,customer_segment,city,created_at
CUST00001,NEW,Ha Noi,2025-10-27T03:28:57+00:00
CUST00002,REGULAR,Hue,2026-07-09T07:00:39+00:00
CUST00003,NEW,Can Tho,2026-03-04T04:51:54+00:00
CUST00004,REGULAR,Ho Chi Minh,2026-01-29T19:58:44+00:00
CUST00005,REGULAR,Hue,2025-12-02T12:34:32+00:00
CUST00006,REGULAR,Hai Phong,2025-12-26T12:25:57+00:00
CUST00007,NEW,Ho Chi Minh,2025-11-13T10:02:09+00:00
CUST00008,REGULAR,Ho Chi Minh,2025-08-01T19:00:46+00:00
CUST00009,NEW,Hai Phong,2026-07-11T12:01:49+00:00
CUST00010,VIP,Ha Noi,2025-10-31T14:14:29+00:00
CUST00011,CHURN_RISK,Ha Noi,2026-01-10T09:20:01+00:00
CUST00012,VIP,Can Tho,2026-06-04T00:25:47+00:00
CUST00013,REGULAR,Da Nang,2025-07-21T02:12:03+00:00
CUST00014,NEW,Hai Phong,2026-04-30T04:49:57+00:00
CUST00015,VIP,Ho Chi Minh,2026-03-24T17:26:38+00:00
CUST00016,VIP,Hue,2025-08-09T17:12:40+00:00
CUST00017,REGULAR,Can Tho,2025-11-01T04:37:28+00:00
CUST00018,CHURN_RISK,Da Nang,2025-07-19T13:51:21+00:00
CUST00019,REGULAR,Hue,2026-04-11T13:12:52+00:00
CUST00020,NEW,Ho Chi Minh,2025-09-24T12:10:44+00:00
CUST00021,CHURN_RISK,Da Nang,2026-07-23T15:35:14+00:00
CUST00022,VIP,Ho Chi Minh,2025-11-30T10:41:21+00:00
CUST00023,CHURN_RISK,Ho Chi Minh,2026-05-05T19:28:40+00:00
CUST00024,VIP,Hue,2025-12-28T07:19:28+00:00
CUST00025,CHURN_RISK,Da Nang,2026-05-23T07:34:38+00:00
CUST00026,CHURN_RISK,Ha Noi,2025-10-20T20:41:09+00:00
CUST00027,REGULAR,Hue,2026-06-16T08:31:18+00:00
CUST00028,NEW,Hai Phong,2026-03-19T09:32:38+00:00
CUST00029,VIP,Can Tho,2025-09-09T16:15:02+00:00
CUST00030,NEW,Hue,2025-08-30T08:45:38+00:00
CUST00031,VIP,Ha Noi,2026-04-24T10:45:40+00:00
CUST00032,NEW,Hue,2025-09-03T09:45:13+00:00
CUST00033,REGULAR,Can Tho,2025-08-19T02:45:02+00:00
CUST00034,VIP,Hue,2026-01-28T17:51:40+00:00
CUST00035,VIP,Ho Chi Minh,2026-01-15T12:03:10+00:00
CUST00036,NEW,Can Tho,2026-04-12T07:39:13+00:00
CUST00037,VIP,Da Nang,2026-05-15T23:43:03+00:00
CUST00038,NEW,Ha Noi,2025-10-30T10:55:06+00:00
CUST00039,REGULAR,Ho Chi Minh,2025-11-28T04:36:52+00:00
CUST00040,REGULAR,Da Nang,2026-01-20T08:22:47+00:00
CUST00041,REGULAR,Can Tho,2025-10-21T05:35:13+00:00
CUST00042,VIP,Hai Phong,2025-07-17T07:37:08+00:00
CUST00043,CHURN_RISK,Can Tho,2026-02-20T04:01:52+00:00
CUST00044,NEW,Da Nang,2026-08-11T01:19:51+00:00
CUST00045,REGULAR,Ha Noi,2026-07-21T23:57:03+00:00
CUST00046,REGULAR,Ha Noi,2025-08-22T00:11:46+00:00
CUST00047,NEW,Can Tho,2026-05-16T03:46:08+00:00
CUST00048,REGULAR,Can Tho,2026-06-27T04:17:21+00:00
CUST00049,CHURN_RISK,Ho Chi Minh,2025-10-09T09:04:51+00:00
CUST00050,REGULAR,Ha Noi,2026-07-11T19:33:00+00:00
CUST00051,CHURN_RISK,Hai Phong,2026-02-13T11:47:39+00:00
CUST00052,NEW,Ha Noi,2026-03-11T15:01:54+00:00
CUST00053,NEW,Ho Chi Minh,2026-06-03T20:24:02+00:00
CUST00054,REGULAR,Hai Phong,2026-06-07T03:52:27+00:00
CUST00055,NEW,Hai Phong,2025-09-29T23:17:57+00:00
CUST00056,NEW,Ha Noi,2025-12-01T14:58:31+00:00
CUST00057,NEW,Ha Noi,2025-08-13T15:21:25+00:00
CUST00058,REGULAR,Hai Phong,2026-02-06T12:55:44+00:00
CUST00059,CHURN_RISK,Ha Noi,2026-06-15T03:26:02+00:00
CUST00060,CHURN_RISK,Da Nang,2025-08-13T15:22:06+00:00
CUST00061,VIP,Hai Phong,2025-11-13T15:55:11+00:00
CUST00062,CHURN_RISK,Ho Chi Minh,2026-06-04T19:58:24+00:00
CUST00063,NEW,Can Tho,2025-10-29T15:31:15+00:00
CUST00064,VIP,Ha Noi,2026-07-30T11:40:02+00:00
CUST00065,REGULAR,Ha Noi,2025-07-31T14:40:47+00:00
CUST00066,REGULAR,Ha Noi,2025-12-24T08:07:59+00:00
CUST00067,REGULAR,Hai Phong,2026-07-02T04:36:42+00:00
CUST00068,REGULAR,Can Tho,2025-12-24T14:22:13+00:00
CUST00069,CHURN_RISK,Hue,2025-12-29T00:43:19+00:00
CUST00070,VIP,Ho Chi Minh,2025-11-24T19:24:15+00:00
CUST00071,VIP,Hai Phong,2026-06-28T00:43:19+00:00
CUST00072,CHURN_RISK,Da Nang,2025-08-12T11:54:07+00:00
CUST00073,NEW,Hai Phong,2025-12-13T23:55:20+00:00
CUST00074,NEW,Ha Noi,2026-01-16T11:04:27+00:00
CUST00075,REGULAR,Da Nang,2025-08-31T19:28:50+00:00
CUST00076,VIP,Da Nang,2026-06-17T02:27:15+00:00
CUST00077,VIP,Can Tho,2025-07-21T16:26:41+00:00
CUST00078,NEW,Hue,2025-09-26T20:54:52+00:00
CUST00079,NEW,Ho Chi Minh,2026-05-05T08:39:49+00:00
CUST00080,REGULAR,Da Nang,2026-04-29T02:17:43+00:00
CUST00081,VIP,Ho Chi Minh,2025-11-17T04:24:38+00:00
CUST00082,CHURN_RISK,Da Nang,2025-08-22T01:18:33+00:00
CUST00083,NEW,Hue,2026-03-03T07:18:32+00:00
CUST00084,NEW,Da Nang,2025-10-14T22:36:06+00:00
CUST00085,VIP,Ho Chi Minh,2025-10-26T23:29:40+00:00
CUST00086,CHURN_RISK,Can Tho,2026-08-16T01:26:24+00:00
CUST00087,REGULAR,Can Tho,2026-08-05T05:38:16+00:00
CUST00088,REGULAR,Hai Phong,2026-06-29T17:25:59+00:00
CUST00089,NEW,Da Nang,2026-05-27T17:31:33+00:00
CUST00090,NEW,Da Nang,2025-10-11T02:32:56+00:00
CUST00091,CHURN_RISK,Can Tho,2025-10-23T07:43:20+00:00
CUST00092,REGULAR,Ho Chi Minh,2025-07-24T17:46:27+00:00
CUST00093,CHURN_RISK,Ha Noi,2026-06-08T08:52:27+00:00
CUST00094,CHURN_RISK,Hue,2025-09-07T14:20:17+00:00
CUST00095,VIP,Ho Chi Minh,2025-10-08T22:43:06+00:00
CUST00096,NEW,Hai Phong,2026-05-22T05:51:17+00:00
CUST00097,CHURN_RISK,Da Nang,2026-04-19T03:52:29+00:00
CUST00098,REGULAR,Ho Chi Minh,2026-08-10T08:22:45+00:00
CUST00099,VIP,Da Nang,2025-09-07T07:58:23+00:00
CUST00100,VIP,Da Nang,2025-12-06T00:34:57+00:00
CUST00001,NEW,Ha Noi,2025-10-27T03:28:57+00:00
