trip_id,method,amount_vnd
T0000001,wallet,64000
T0000002,cash,47000
T0000003,wallet,77000
T0000004,cash,50000
T0000005,cash,34000
T0000006,wallet,47000
T0000007,wallet,53000
T0000008,cash,32000
T0000009,wallet,45000
T0000010,wallet,34000
T0000010,cash,15000
T0000012,wallet,48000
T0000013,cash,117000
T0000014,wallet,27000
T0000016,wallet,42000
T0000017,wallet,87000
T0000018,cash,113000
T0000019,cash,29000
T0000020,wallet,74000
T0000020,cash,75000
T0000021,wallet,76000
T0000022,wallet,43000
T0000023,cash,37000
T0000024,cash,74000
T0000025,wallet,55000
T0000026,wallet,21000
T0000026,cash,49000
T0000027,cash,34000
T0000028,wallet,91000
T0000029,cash,27000
T0000030,cash,61000
T0000031,wallet,15000
T0000031,cash,37000
T0000032,cash,137000
T0000034,card,55000
T0000035,cash,53000
T0000036,cash,58000
T0000037,wallet,80000
T0000039,wallet,36000
T0000040,wallet,31000
T0000041,cash,63000
T0000042,wallet,209000
T0000043,cash,40000
T0000044,wallet,42000
T0000046,cash,34000
T0000048,wallet,221000
T0000049,wallet,40000
T0000050,cash,29000
T0000051,cash,29000
T0000052,wallet,63000
T0000053,wallet,113000
T0000054,cash,36000
T0000056,cash,84000
T0000058,wallet,88000
T0000059,wallet,41000
T0000060,wallet,19000
T0000060,cash,46000
T0000061,card,56000
T0000062,wallet,39000
T0000063,cash,65000
T0000064,card,124000
T0000065,cash,26000
T0000066,wallet,34000
T0000067,wallet,40000
T0000068,wallet,46000
T0000070,cash,32000
T0000071,cash,53000
T0000072,card,137000
T0000073,wallet,57000
T0000074,wallet,38000
T0000076,wallet,60000
T0000077,cash,120000
T0000078,cash,37000
T0000079,wallet,33000
T0000080,wallet,147000
T0000083,card,89000
T0000084,cash,39000
T0000085,wallet,41000
T0000086,wallet,71000
T0000088,wallet,40000
T0000089,wallet,64000
T0000090,wallet,33000
T0000091,cash,44000
T0000092,cash,67000
T0000093,wallet,39000
T0000094,cash,33000
T0000096,cash,38000
T0000097,wallet,30000
T0000097,cash,13000
T0000098,wallet,57000
T0000099,cash,32000
T0000100,cash,34000
T0000101,wallet,34000
T0000102,wallet,28000
T0000102,cash,66000
T0000103,card,49000
T0000104,card,41000
T0000106,cash,33000
T0000107,wallet,27000
T0000107,cash,12000
T0000109,wallet,40000
T0000110,wallet,57000
T0000111,cash,41000
T0000112,cash,69000
T0000113,cash,66000
T0000114,card,27000
T0000115,card,49000
T0000116,cash,89000
T0000117,wallet,70000
T0000118,cash,88000
T0000120,wallet,61000
T0000121,cash,48000
T0000122,wallet,42000
T0000123,wallet,76000
T0000124,wallet,38000
T0000125,wallet,34000
T0000126,wallet,32000
T0000127,cash,34000
T0000129,wallet,39000
T0000130,cash,51000
T0000131,cash,35000
T0000132,cash,20000
T0000133,wallet,76000
T0000134,wallet,77000
T0000135,cash,51000
T0000138,cash,59000
T0000140,cash,86000
T0000141,card,66000
T0000143,wallet,50000
T0000145,cash,40000
T0000146,wallet,30000
T0000147,wallet,77000
T0000148,cash,201000
T0000149,cash,35000
T0000150,card,48000
T0000151,cash,67000
T0000152,wallet,44000
T0000154,cash,34000
T0000157,cash,28000
T0000158,cash,92000
T0000159,cash,49000
T0000161,card,27000
T0000162,card,81000
T0000163,wallet,43000
T0000164,cash,137000
T0000165,card,132000
T0000166,cash,60000
T0000167,cash,44000
T0000168,wallet,49000
T0000170,cash,94000
T0000171,cash,55000
T0000172,wallet,37000
T0000173,card,42000
T0000174,wallet,68000
T0000177,cash,39000
T0000178,cash,48000
T0000179,wallet,72000
T0000180,wallet,24000
T0000182,wallet,31000
T0000183,wallet,29000
T0000184,wallet,35000
T0000185,cash,130000
T0000186,cash,94000
T0000188,cash,41000
T0000190,wallet,14000
T0000190,cash,34000
T0000192,card,56000
T0000193,wallet,40000
T0000194,cash,66000
T0000195,wallet,46000
T0000196,wallet,151000
T0000198,cash,17000
T0000199,card,84000
T0000200,cash,50000
