trip_id,request_time,pickup_zone,dropoff_zone,driver_id,vehicle_type,distance_km,duration_min,eta_min,surge,is_raining,fare_vnd,payment_method,status
T0000001,2026-09-01 00:33:40,Q01,Q01,D00002,car,3.5,13,7,1.0,0,64000,wallet,completed
T0000002,2026-09-01 01:08:23,Q03,Q02,D00039,bike,7.8,23,7,1.0,0,47000,cash,completed
T0000003,2026-09-01 05:40:27,Q06,Q02,D00016,car,4.7,14,1,1.0,0,77000,wallet,completed
T0000004,2026-09-01 06:07:41,Q02,Q01,D00025,bike,8.4,24,4,1.0,0,50000,cash,completed
T0000005,2026-09-01 07:14:48,Q02,Q04,D00039,bike,5.0,16,9,1.0,0,34000,cash,completed
T0000006,2026-09-01 07:17:09,Q05,Q04,D00014,bike,6.0,25,6,1.2,0,47000,wallet,completed
T0000007,2026-09-01 07:24:13,Q11,Q03,D00006,bike,9.1,37,10,1.0,0,53000,wallet,completed
T0000008,2026-09-01 07:31:03,Q04,Q12,D00032,bike,4.4,21,10,1.0,0,32000,cash,completed
T0000009,2026-09-01 08:17:55,Q07,Q02,D00008,bike,7.4,27,8,1.0,0,45000,wallet,completed
T0000010,2026-09-01 08:39:38,Q06,Q10,D00029,bike,6.4,26,10,1.2,0,49000,split,completed
T0000011,2026-09-01 08:51:36,Q01,Q07,,bike,5.8,,10,1.0,0,,,rider_cancelled
T0000012,2026-09-01 09:08:14,Q08,Q03,D00040,bike,7.9,20,1,1.0,0,48000,wallet,completed
T0000013,2026-09-01 09:29:46,Q02,Q06,D00009,car,8.4,19,3,1.0,0,117000,cash,completed
T0000014,2026-09-01 09:37:15,Q03,Q08,D00007,bike,3.3,8,3,1.0,0,27000,wallet,completed
T0000015,2026-09-01 09:46:33,Q01,Q04,,bike,4.6,,10,1.0,0,,,rider_cancelled
T0000016,2026-09-01 10:08:20,Q03,Q10,D00029,bike,6.6,16,3,1.0,0,42000,wallet,completed
T0000017,2026-09-01 10:14:16,Q02,Q04,D00005,car,5.6,15,5,1.0,0,87000,wallet,completed
T0000018,2026-09-01 10:23:29,Q02,Q04,D00003,car,8.0,21,2,1.0,0,113000,cash,completed
T0000019,2026-09-01 10:35:59,Q03,Q01,D00027,bike,3.8,11,4,1.0,0,29000,cash,completed
T0000020,2026-09-01 10:48:45,Q02,Q10,D00038,car,11.3,28,4,1.0,0,149000,split,completed
T0000021,2026-09-01 10:55:16,Q01,Q03,D00017,bike,14.3,41,3,1.0,0,76000,wallet,completed
T0000022,2026-09-01 11:28:28,Q01,Q11,D00035,bike,6.8,22,3,1.0,0,43000,wallet,completed
T0000023,2026-09-01 11:37:03,Q01,Q06,D00015,bike,5.5,17,3,1.0,0,37000,cash,completed
T0000024,2026-09-01 11:46:34,Q01,Q01,D00018,car,4.5,12,5,1.0,0,74000,cash,completed
T0000025,2026-09-01 12:07:32,Q01,Q02,D00015,bike,9.6,27,3,1.0,0,55000,wallet,completed
T0000026,2026-09-01 12:16:40,Q09,Q10,D00009,car,4.1,10,2,1.0,0,70000,split,completed
T0000027,2026-09-01 12:36:48,Q04,Q07,D00007,bike,4.8,14,4,1.0,0,34000,cash,completed
T0000028,2026-09-01 12:56:14,Q03,Q02,D00038,car,6.0,18,5,1.0,0,91000,wallet,completed
T0000029,2026-09-01 13:29:58,Q03,Q11,D00011,bike,3.3,11,4,1.0,0,27000,cash,completed
T0000030,2026-09-01 13:46:40,Q12,Q07,D00032,bike,10.8,25,3,1.0,0,61000,cash,completed
T0000031,2026-09-01 13:53:46,Q09,Q05,D00017,bike,8.8,22,4,1.0,0,52000,split,completed
T0000032,2026-09-01 14:28:58,Q05,Q09,D00037,car,10.2,31,1,1.0,0,137000,cash,completed
T0000033,2026-09-01 14:53:00,Q03,Q03,D00039,bike,5.5,,5,1.0,0,,,rider_cancelled
T0000034,2026-09-01 15:37:02,Q01,Q06,D00028,bike,9.5,24,5,1.0,0,55000,card,completed
T0000035,2026-09-01 16:13:20,Q03,Q09,D00030,bike,9.2,23,4,1.0,0,53000,cash,completed
T0000036,2026-09-01 16:34:48,Q03,Q02,D00008,bike,10.2,21,3,1.0,0,58000,cash,completed
T0000037,2026-09-01 16:51:37,Q02,Q05,D00005,car,5.0,17,4,1.0,0,80000,wallet,completed
T0000038,2026-09-01 17:08:58,Q05,Q07,D00038,car,9.2,,10,1.0,0,,,rider_cancelled
T0000039,2026-09-01 17:09:14,Q08,Q10,D00006,bike,5.4,23,5,1.0,0,36000,wallet,completed
T0000040,2026-09-01 17:09:17,Q02,Q11,D00025,bike,3.1,13,6,1.2,0,31000,wallet,completed
T0000041,2026-09-01 17:11:31,Q04,Q01,D00010,bike,6.6,22,9,1.5,0,63000,cash,completed
T0000042,2026-09-01 17:23:30,Q08,Q05,D00018,car,16.7,51,9,1.0,0,209000,wallet,completed
T0000043,2026-09-01 17:36:46,Q11,Q03,D00040,bike,6.3,25,7,1.0,0,40000,cash,completed
T0000044,2026-09-01 17:57:16,Q01,Q10,D00010,bike,5.2,24,9,1.2,0,42000,wallet,completed
T0000045,2026-09-01 17:58:29,Q03,Q12,,bike,6.9,,8,1.2,0,,,rider_cancelled
T0000046,2026-09-01 18:02:05,Q02,Q10,D00027,bike,4.8,19,6,1.0,0,34000,cash,completed
T0000047,2026-09-01 18:09:58,Q05,Q08,,bike,6.9,,7,1.0,0,,,rider_cancelled
T0000048,2026-09-01 18:13:31,Q10,Q05,D00038,car,11.1,48,3,1.5,0,221000,wallet,completed
T0000049,2026-09-01 18:17:28,Q05,Q01,D00036,bike,6.2,21,9,1.0,0,40000,wallet,completed
T0000050,2026-09-01 18:29:20,Q05,Q02,D00015,bike,3.8,18,6,1.0,0,29000,cash,completed
T0000051,2026-09-01 18:42:39,Q01,Q01,D00019,bike,3.8,19,9,1.0,0,29000,cash,completed
T0000052,2026-09-01 18:56:15,Q11,Q06,D00021,car,2.5,9,8,1.2,0,63000,wallet,completed
T0000053,2026-09-01 18:58:41,Q04,Q07,D00026,car,4.6,17,7,1.5,0,113000,wallet,completed
T0000054,2026-09-01 18:59:47,Q08,Q01,D00001,bike,5.3,19,7,1.0,0,36000,cash,completed
T0000055,2026-09-01 19:00:22,Q06,Q01,D00022,bike,5.2,,5,1.0,0,,,driver_cancelled
T0000056,2026-09-01 19:15:28,Q01,Q06,D00034,car,5.4,13,4,1.0,0,84000,cash,completed
T0000057,2026-09-01 19:46:30,Q08,Q07,D00028,bike,15.8,,1,1.0,0,,,driver_cancelled
T0000058,2026-09-01 19:53:39,Q01,Q02,D00009,car,5.7,14,3,1.0,0,88000,wallet,completed
T0000059,2026-09-01 20:12:59,Q02,Q01,D00031,bike,6.4,20,2,1.0,0,41000,wallet,completed
T0000060,2026-09-01 20:36:33,Q10,Q06,D00011,bike,11.8,35,8,1.0,0,65000,split,completed
T0000061,2026-09-01 20:56:37,Q01,Q03,D00024,bike,9.8,24,5,1.0,0,56000,card,completed
T0000062,2026-09-01 21:03:24,Q06,Q03,D00010,bike,6.0,14,5,1.0,0,39000,wallet,completed
T0000063,2026-09-01 21:14:58,Q04,Q03,D00018,car,3.6,9,3,1.0,0,65000,cash,completed
T0000064,2026-09-01 21:17:51,Q05,Q01,D00018,car,9.0,24,3,1.0,0,124000,card,completed
T0000065,2026-09-01 21:17:54,Q05,Q01,D00022,bike,3.1,11,3,1.0,0,26000,cash,completed
T0000066,2026-09-01 21:21:19,Q10,Q12,D00007,bike,4.8,15,2,1.0,0,34000,wallet,completed
T0000067,2026-09-01 21:32:00,Q12,Q02,D00017,bike,6.3,17,4,1.0,0,40000,wallet,completed
T0000068,2026-09-01 22:00:20,Q06,Q07,D00008,bike,7.6,19,2,1.0,0,46000,wallet,completed
T0000069,2026-09-01 22:54:09,Q01,Q08,D00006,bike,5.1,,4,1.0,0,,,rider_cancelled
T0000070,2026-09-01 23:33:04,Q01,Q09,D00027,bike,4.5,12,2,1.0,0,32000,cash,completed
T0000071,2026-09-02 03:02:28,Q03,Q12,D00014,bike,9.1,23,1,1.0,0,53000,cash,completed
T0000072,2026-09-02 05:30:27,Q01,Q08,D00015,bike,27.8,75,3,1.0,0,137000,card,completed
T0000073,2026-09-02 06:45:30,Q10,Q03,D00035,bike,10.0,30,3,1.0,0,57000,wallet,completed
T0000074,2026-09-02 07:02:10,Q03,Q10,D00011,bike,4.4,16,11,1.2,0,38000,wallet,completed
T0000075,2026-09-02 07:08:02,Q02,Q02,,bike,10.0,,11,1.2,0,,,rider_cancelled
T0000076,2026-09-02 07:22:13,Q08,Q10,D00034,car,3.2,11,10,1.0,0,60000,wallet,completed
T0000077,2026-09-02 07:42:49,Q04,Q06,D00020,car,8.6,30,9,1.0,0,120000,cash,completed
T0000078,2026-09-02 07:45:21,Q04,Q11,D00017,bike,5.6,21,7,1.0,0,37000,cash,completed
T0000079,2026-09-02 08:06:20,Q05,Q04,D00006,bike,4.6,23,12,1.0,0,33000,wallet,completed
T0000080,2026-09-02 08:11:38,Q04,Q09,D00012,car,8.9,33,8,1.2,0,147000,wallet,completed
T0000081,2026-09-02 08:17:38,Q03,Q06,,bike,8.0,,11,1.0,0,,,rider_cancelled
T0000082,2026-09-02 08:26:44,Q10,Q03,D00007,bike,6.7,,10,1.2,0,,,rider_cancelled
T0000083,2026-09-02 08:57:28,Q02,Q02,D00023,car,3.1,13,6,1.5,0,89000,card,completed
T0000084,2026-09-02 09:03:32,Q11,Q03,D00040,bike,5.9,19,5,1.0,0,39000,cash,completed
T0000085,2026-09-02 09:16:16,Q05,Q09,D00028,bike,6.5,16,3,1.0,0,41000,wallet,completed
T0000086,2026-09-02 09:22:48,Q05,Q05,D00034,car,4.2,13,4,1.0,0,71000,wallet,completed
T0000087,2026-09-02 09:36:16,Q05,Q08,D00019,bike,8.0,,5,1.0,0,,,rider_cancelled
T0000088,2026-09-02 10:45:25,Q03,Q03,D00028,bike,6.3,18,6,1.0,0,40000,wallet,completed
T0000089,2026-09-02 10:54:18,Q09,Q03,D00022,bike,11.5,34,4,1.0,0,64000,wallet,completed
T0000090,2026-09-02 10:59:37,Q03,Q05,D00039,bike,4.6,11,3,1.0,0,33000,wallet,completed
T0000091,2026-09-02 12:01:28,Q05,Q03,D00025,bike,7.1,18,5,1.0,0,44000,cash,completed
T0000092,2026-09-02 12:02:41,Q03,Q12,D00018,car,3.8,14,6,1.0,0,67000,cash,completed
T0000093,2026-09-02 12:22:49,Q12,Q03,D00013,bike,5.9,18,4,1.0,0,39000,wallet,completed
T0000094,2026-09-02 12:55:34,Q01,Q05,D00008,bike,4.7,14,8,1.0,0,33000,cash,completed
T0000095,2026-09-02 13:21:18,Q09,Q03,,bike,5.2,,4,1.0,0,,,rider_cancelled
T0000096,2026-09-02 14:10:05,Q03,Q07,D00008,bike,5.8,19,7,1.0,0,38000,cash,completed
T0000097,2026-09-02 14:24:18,Q01,Q06,D00031,bike,6.9,16,4,1.0,0,43000,split,completed
T0000098,2026-09-02 14:28:04,Q04,Q07,D00036,bike,10.1,25,6,1.0,0,57000,wallet,completed
T0000099,2026-09-02 14:56:21,Q10,Q01,D00040,bike,4.5,15,5,1.0,0,32000,cash,completed
T0000100,2026-09-02 15:33:48,Q09,Q05,D00032,bike,4.9,14,4,1.0,0,34000,cash,completed
T0000101,2026-09-02 16:00:01,Q01,Q03,D00006,bike,4.8,13,7,1.0,0,34000,wallet,completed
T0000102,2026-09-02 16:46:07,Q01,Q03,D00009,car,6.3,15,3,1.0,0,94000,split,completed
T0000103,2026-09-02 17:26:18,Q01,Q01,D00007,bike,8.3,29,6,1.0,0,49000,card,completed
T0000104,2026-09-02 17:28:26,Q06,Q07,D00028,bike,6.4,25,6,1.0,0,41000,card,completed
T0000105,2026-09-02 17:30:43,Q03,Q01,D00005,car,7.5,,7,1.2,0,,,rider_cancelled
T0000106,2026-09-02 17:36:57,Q06,Q03,D00029,bike,4.6,17,10,1.0,0,33000,cash,completed
T0000107,2026-09-02 17:57:16,Q06,Q01,D00010,bike,6.0,24,1,1.0,0,39000,split,completed
T0000108,2026-09-02 18:01:48,Q02,Q11,D00019,bike,7.3,,9,1.0,0,,,driver_cancelled
T0000109,2026-09-02 18:02:57,Q02,Q06,D00013,bike,6.3,21,7,1.0,0,40000,wallet,completed
T0000110,2026-09-02 18:26:05,Q04,Q01,D00001,bike,10.0,41,8,1.0,0,57000,wallet,completed
T0000111,2026-09-02 18:53:40,Q06,Q03,D00028,bike,6.4,23,11,1.0,0,41000,cash,completed
T0000112,2026-09-02 18:57:59,Q09,Q02,D00040,bike,10.2,42,7,1.2,0,69000,cash,completed
T0000113,2026-09-02 19:14:56,Q05,Q02,D00026,car,3.7,9,1,1.0,0,66000,cash,completed
T0000114,2026-09-02 19:18:30,Q02,Q02,D00019,bike,3.3,10,4,1.0,0,27000,card,completed
T0000115,2026-09-02 19:26:03,Q02,Q04,D00015,bike,8.3,18,6,1.0,0,49000,card,completed
T0000116,2026-09-02 19:34:47,Q08,Q01,D00003,car,5.8,12,5,1.0,0,89000,cash,completed
T0000117,2026-09-02 19:47:52,Q05,Q02,D00037,car,4.1,13,6,1.0,0,70000,wallet,completed
T0000118,2026-09-02 19:51:50,Q02,Q11,D00020,car,5.7,15,3,1.0,0,88000,cash,completed
T0000119,2026-09-02 19:53:50,Q06,Q03,D00017,bike,4.6,,1,1.0,0,,,rider_cancelled
T0000120,2026-09-02 19:58:54,Q01,Q07,D00029,bike,10.8,26,5,1.0,0,61000,wallet,completed
T0000121,2026-09-02 20:48:43,Q01,Q03,D00006,bike,8.1,22,11,1.0,0,48000,cash,completed
T0000122,2026-09-02 20:50:32,Q02,Q03,D00017,bike,6.7,19,1,1.0,0,42000,wallet,completed
T0000123,2026-09-02 20:51:50,Q01,Q04,D00021,car,4.6,14,8,1.0,0,76000,wallet,completed
T0000124,2026-09-02 21:05:34,Q10,Q01,D00032,bike,5.7,17,1,1.0,0,38000,wallet,completed
T0000125,2026-09-02 21:14:35,Q07,Q12,D00008,bike,5.0,11,3,1.0,0,34000,wallet,completed
T0000126,2026-09-02 21:21:53,Q03,Q05,D00031,bike,4.4,13,5,1.0,0,32000,wallet,completed
T0000127,2026-09-02 21:30:13,Q05,Q02,D00040,bike,4.9,16,1,1.0,0,34000,cash,completed
T0000128,2026-09-02 21:36:31,Q10,Q03,D00019,bike,20.3,,7,1.0,0,,,rider_cancelled
T0000129,2026-09-02 21:53:53,Q03,Q07,D00022,bike,5.9,17,1,1.0,0,39000,wallet,completed
T0000130,2026-09-02 22:00:11,Q04,Q05,D00006,bike,8.7,21,8,1.0,0,51000,cash,completed
T0000131,2026-09-02 22:30:28,Q04,Q01,D00015,bike,5.2,17,1,1.0,0,35000,cash,completed
T0000132,2026-09-02 23:30:09,Q04,Q04,D00008,bike,1.8,7,7,1.0,0,20000,cash,completed
T0000133,2026-09-03 00:21:30,Q02,Q06,D00036,bike,14.3,35,9,1.0,0,76000,wallet,completed
T0000134,2026-09-03 00:30:53,Q01,Q04,D00009,car,4.7,13,5,1.0,0,77000,wallet,completed
T0000135,2026-09-03 02:10:43,Q06,Q10,D00024,bike,8.6,23,2,1.0,0,51000,cash,completed
T0000136,2026-09-03 03:21:28,Q05,Q02,,car,7.7,,11,1.0,1,,,rider_cancelled
T0000137,2026-09-03 03:43:06,Q03,Q05,,bike,4.4,,11,1.0,1,,,rider_cancelled
T0000138,2026-09-03 05:07:31,Q06,Q01,D00017,bike,8.3,28,5,1.2,1,59000,cash,completed
T0000139,2026-09-03 06:07:38,Q12,Q01,,car,5.9,,14,1.2,1,,,rider_cancelled
T0000140,2026-09-03 06:16:03,Q01,Q01,D00024,bike,13.2,48,8,1.2,1,86000,cash,completed
T0000141,2026-09-03 06:21:04,Q01,Q04,D00015,bike,12.0,46,6,1.0,1,66000,card,completed
T0000142,2026-09-03 06:35:33,Q08,Q04,D00032,bike,3.4,,10,1.2,1,,,driver_cancelled
T0000143,2026-09-03 07:04:55,Q05,Q06,D00022,bike,6.5,30,2,1.2,1,50000,wallet,completed
T0000144,2026-09-03 07:18:38,Q02,Q06,,car,3.6,,12,1.0,0,,,rider_cancelled
T0000145,2026-09-03 07:31:30,Q03,Q10,D00039,bike,6.2,26,11,1.0,1,40000,cash,completed
T0000146,2026-09-03 07:36:14,Q03,Q02,D00001,bike,2.9,12,11,1.2,1,30000,wallet,completed
T0000147,2026-09-03 07:50:29,Q01,Q10,D00035,bike,14.5,54,13,1.0,1,77000,wallet,completed
T0000148,2026-09-03 08:12:52,Q12,Q01,D00012,car,16.0,54,6,1.0,0,201000,cash,completed
T0000149,2026-09-03 08:22:16,Q01,Q09,D00031,bike,5.2,18,8,1.0,0,35000,cash,completed
T0000150,2026-09-03 08:52:47,Q07,Q04,D00019,bike,7.9,27,7,1.0,0,48000,card,completed
T0000151,2026-09-03 09:30:10,Q06,Q05,D00036,bike,7.2,29,4,1.5,1,67000,cash,completed
T0000152,2026-09-03 09:42:23,Q01,Q05,D00030,bike,7.2,18,1,1.0,0,44000,wallet,completed
T0000153,2026-09-03 09:45:11,Q02,Q03,,bike,20.9,,9,1.5,1,,,rider_cancelled
T0000154,2026-09-03 10:03:36,Q05,Q03,D00033,bike,4.8,14,2,1.0,0,34000,cash,completed
T0000155,2026-09-03 10:19:39,Q10,Q07,,bike,6.1,,7,1.0,0,,,rider_cancelled
T0000156,2026-09-03 10:43:05,Q01,Q07,D00033,bike,5.2,,5,1.0,0,,,rider_cancelled
T0000157,2026-09-03 10:51:52,Q12,Q02,D00024,bike,3.6,16,6,1.0,1,28000,cash,completed
T0000158,2026-09-03 10:53:57,Q01,Q11,D00035,bike,14.3,47,10,1.2,1,92000,cash,completed
T0000159,2026-09-03 10:56:15,Q01,Q08,D00029,bike,8.2,18,7,1.0,0,49000,cash,completed
T0000160,2026-09-03 10:58:44,Q05,Q03,D00025,bike,9.1,,8,1.0,1,,,rider_cancelled
T0000161,2026-09-03 11:11:41,Q03,Q03,D00011,bike,3.4,17,12,1.0,1,27000,card,completed
T0000162,2026-09-03 12:32:37,Q04,Q06,D00026,car,5.1,22,8,1.0,1,81000,card,completed
T0000163,2026-09-03 14:58:38,Q05,Q04,D00015,bike,6.8,26,7,1.0,1,43000,wallet,completed
T0000164,2026-09-03 15:00:46,Q12,Q01,D00021,car,10.2,31,1,1.0,0,137000,cash,completed
T0000165,2026-09-03 15:39:20,Q08,Q05,D00018,car,9.7,44,8,1.0,1,132000,card,completed
T0000166,2026-09-03 15:39:54,Q07,Q12,D00033,bike,10.7,25,1,1.0,0,60000,cash,completed
T0000167,2026-09-03 16:13:57,Q08,Q04,D00028,bike,7.0,15,3,1.0,0,44000,cash,completed
T0000168,2026-09-03 16:14:30,Q02,Q10,D00028,bike,8.3,27,5,1.0,0,49000,wallet,completed
T0000169,2026-09-03 16:14:59,Q07,Q05,D00002,car,5.3,,5,1.0,0,,,driver_cancelled
T0000170,2026-09-03 16:35:27,Q06,Q03,D00012,car,6.3,16,8,1.0,0,94000,cash,completed
T0000171,2026-09-03 16:37:52,Q04,Q03,D00022,bike,7.5,34,5,1.2,1,55000,cash,completed
T0000172,2026-09-03 16:39:15,Q04,Q09,D00033,bike,5.6,15,6,1.0,0,37000,wallet,completed
T0000173,2026-09-03 16:45:17,Q04,Q02,D00001,bike,6.7,21,8,1.0,0,42000,card,completed
T0000174,2026-09-03 16:49:09,Q02,Q01,D00028,bike,12.5,34,4,1.0,0,68000,wallet,completed
T0000175,2026-09-03 17:12:54,Q01,Q09,D00039,bike,4.7,,9,1.5,0,,,rider_cancelled
T0000176,2026-09-03 17:16:34,Q04,Q12,D00022,bike,12.0,,7,1.0,0,,,driver_cancelled
T0000177,2026-09-03 17:26:12,Q09,Q01,D00028,bike,5.9,23,10,1.0,1,39000,cash,completed
T0000178,2026-09-03 18:31:08,Q10,Q08,D00006,bike,8.0,29,10,1.0,1,48000,cash,completed
T0000179,2026-09-03 18:54:05,Q04,Q03,D00037,car,4.3,19,7,1.0,1,72000,wallet,completed
T0000180,2026-09-03 18:56:51,Q06,Q08,D00013,bike,2.6,13,10,1.0,0,24000,wallet,completed
T0000181,2026-09-03 18:58:51,Q03,Q11,D00006,bike,11.3,,12,1.0,1,,,rider_cancelled
T0000182,2026-09-03 19:00:41,Q03,Q06,D00027,bike,4.2,14,2,1.0,0,31000,wallet,completed
T0000183,2026-09-03 19:19:16,Q10,Q10,D00010,bike,3.7,11,1,1.0,0,29000,wallet,completed
T0000184,2026-09-03 19:31:56,Q03,Q01,D00024,bike,5.1,16,4,1.0,0,35000,wallet,completed
T0000185,2026-09-03 19:35:11,Q06,Q01,D00018,car,9.5,39,8,1.0,1,130000,cash,completed
T0000186,2026-09-03 19:47:22,Q01,Q01,D00026,car,6.3,17,3,1.0,0,94000,cash,completed
T0000187,2026-09-03 20:46:31,Q12,Q02,,bike,6.3,,5,1.0,0,,,rider_cancelled
T0000188,2026-09-03 21:05:55,Q04,Q07,D00025,bike,6.5,27,11,1.0,1,41000,cash,completed
T0000189,2026-09-03 21:09:52,Q02,Q01,,bike,6.2,,4,1.0,0,,,rider_cancelled
T0000190,2026-09-03 21:19:29,Q08,Q09,D00031,bike,8.0,24,1,1.0,0,48000,split,completed
T0000191,2026-09-03 21:46:46,Q01,Q03,,bike,10.7,,8,1.0,1,,,rider_cancelled
T0000192,2026-09-03 22:20:46,Q10,Q11,D00013,bike,9.7,24,4,1.0,0,56000,card,completed
T0000193,2026-09-03 22:36:50,Q04,Q06,D00031,bike,6.3,19,5,1.0,0,40000,wallet,completed
T0000194,2026-09-03 22:41:52,Q04,Q01,D00038,car,3.7,9,4,1.0,0,66000,cash,completed
T0000195,2026-09-03 22:51:23,Q05,Q06,D00011,bike,5.9,21,5,1.2,1,46000,wallet,completed
T0000196,2026-09-03 22:54:54,Q06,Q02,D00018,car,6.9,24,9,1.5,1,151000,wallet,completed
T0000197,2026-09-03 23:02:07,Q05,Q05,D00012,car,9.2,,6,1.0,0,,,driver_cancelled
T0000198,2026-09-03 23:06:08,Q03,Q03,D00035,bike,1.1,5,6,1.0,0,17000,cash,completed
T0000199,2026-09-03 23:27:29,Q07,Q01,D00028,bike,15.9,58,8,1.0,1,84000,card,completed
T0000200,2026-09-03 23:32:08,Q06,Q03,D00040,bike,8.5,28,6,1.0,0,50000,cash,completed
